base_verb,prefixed_verb,prefix,freq_base,freq_prefixed
gledati,izgledati,iz,392,305
činiti,učiniti,u,1856,834
pitati,upitati,u,268,33
govoriti,odgovoriti,od,1638,376
laziti,nalaziti,na,1,3554
laziti,dolaziti,do,1,1044
staviti,nastaviti,na,357,1263
gubiti,izgubiti,iz,165,364
biti,dobiti,do,197977,2440
laziti,odlaziti,od,1,163
boraviti,zaboraviti,za,346,214
laziti,prolaziti,pro,1,275
vršiti,završiti,za,770,810
stati,ustati,u,141,35
dati,dodati,do,1431,893
naći,pronaći,pro,816,1026
praviti,napraviti,na,255,817
goditi,dogoditi,do,4,258
lučiti,odlučiti,od,6,686
ustaviti,zaustaviti,za,40,173
gledati,ugledati,u,392,48
znati,saznati,sa,1647,569
laziti,izlaziti,iz,1,210
raditi,uraditi,u,4247,696
biti,ubiti,u,197977,92
tvoriti,zatvoriti,za,2,132
misliti,zamisliti,za,921,156
stati,prestati,pre,141,217
pisati,napisati,na,458,232
vući,izvući,iz,6,29
čitati,pročitati,pro,154,284
vesti,provesti,pro,11,278
ići,izići,iz,644,6
buditi,probuditi,pro,154,67
vratiti,odvratiti,od,691,14
kinuti,prekinuti,pre,25,107
pustiti,napustiti,na,126,227
držati,zadržati,za,319,237
znati,priznati,pri,1647,213
laziti,ulaziti,u,1,242
učiti,naučiti,na,238,400
miti,primiti,pri,3,426
vesti,dovesti,do,11,638
padati,pripadati,pri,106,403
putiti,uputiti,u,40,524
vesti,odvesti,od,11,61
veriti,uveriti,u,1,113
stati,zastati,za,141,18
stavljati,nastavljati,na,221,385
viknuti,uzviknuti,uz,897,5
imati,uzimati,uz,11939,173
tvoriti,pretvoriti,pre,2,134
teći,zateći,za,92,41
smejati,nasmejati,na,2,17
rediti,odrediti,od,20,291
dati,predati,pre,1431,160
laziti,prelaziti,pre,1,163
čekati,sačekati,sa,348,45
čuti,začuti,za,517,1
ići,naići,na,644,92
gađati,događati,do,10,88
stojati,nastojati,na,32,189
nositi,donositi,do,599,601
gledati,zagledati,za,392,4
plašiti,uplašiti,u,81,12
govoriti,izgovoriti,iz,1638,44
rediti,narediti,na,20,49
bediti,ubediti,u,12,41
viknuti,naviknuti,na,897,995
stati,nastati,na,141,570
bližiti,približiti,pri,6,97
pitati,zapitati,za,268,37
uzeti,obuzeti,ob,218,5
čekati,dočekati,do,348,66
miriti,umiriti,u,5,9
voditi,provoditi,pro,1418,169
vaditi,izvaditi,iz,17,47
moliti,zamoliti,za,13,40
nositi,odnositi,od,599,1072
biti,odbiti,od,197977,173
pustiti,dopustiti,do,126,57
sećati,podsećati,pod,80,232
vesti,izvesti,iz,11,196
početi,započeti,za,1290,430
čuvati,sačuvati,sa,383,220
mati,primati,pri,7,215
kazati,ukazati,u,1983,560
činiti,načiniti,na,1856,27
mrmljati,promrmljati,pro,1,747
zvati,nazvati,na,247,99
uzeti,zauzeti,za,218,91
dati,udati,u,1431,27
ljubiti,zaljubiti,za,8,25
govoriti,progovoriti,pro,1638,25
dužiti,produžiti,pro,6,83
grliti,zagrliti,za,2,5
gasiti,ugasiti,u,6,18
držati,izdržati,iz,319,59
stajati,ustajati,u,397,12
tražiti,zatražiti,za,1086,365
vršiti,izvršiti,iz,770,461
ustavljati,zaustavljati,za,10,24
laziti,prilaziti,pri,1,32
pustiti,prepustiti,pre,126,77
variti,prevariti,pre,8,12
vesti,navesti,na,11,780
likovati,razlikovati,raz,133,286
terati,naterati,na,27,55
javiti,objaviti,ob,165,680
ništiti,uništiti,u,6,47
učiti,obučiti,ob,238,31
titi,pretiti,pre,2,90
stati,pristati,pri,141,46
čuditi,začuditi,za,31,5
tvrditi,utvrditi,u,392,443
paliti,zapaliti,za,50,23
paliti,upaliti,u,50,15
stajati,prestajati,pre,397,65
davati,dodavati,do,791,226
dati,prodati,pro,1431,159
dahnuti,uzdahnuti,uz,22,601
padati,dopadati,do,106,28
vratiti,uzvratiti,uz,691,30
suditi,usuditi,u,50,22
vući,privući,pri,6,158
biti,izbiti,iz,197977,20
ložiti,izložiti,iz,1,59
smešiti,nasmešiti,na,1,5
opštiti,saopštiti,sa,30,327
veriti,proveriti,pro,1,191
misliti,razmisliti,raz,921,87
puštati,napuštati,na,43,44
misliti,izmisliti,iz,921,10
davati,prodavati,pro,791,259
nositi,podnositi,pod,599,140
ući,obući,ob,596,8
voditi,dovoditi,do,1418,323
vući,uvući,u,6,541
vesti,uvesti,u,11,248
mešati,umešati,u,49,15
puštati,dopuštati,do,43,37
davati,predavati,pre,791,99
biti,razbiti,raz,197977,20
družiti,pridružiti,pri,67,303
baciti,prebaciti,pre,55,84
javiti,izjaviti,iz,165,624
znati,doznati,do,1647,14
visiti,zavisiti,za,4,420
kazati,dokazati,do,1983,147
baciti,izbaciti,iz,55,31
gutati,progutati,pro,2,13
staviti,sastaviti,sa,357,59
dirnuti,dodirnuti,do,7,24
baciti,odbaciti,od,55,78
kidati,prekidati,pre,2,24
puniti,napuniti,na,27,51
ustati,odustati,od,35,109
tisnuti,pritisnuti,pri,7,28
mahnuti,odmahnuti,od,2,469
pustiti,propustiti,pro,126,125
vladati,savladati,sa,67,116
kazivati,ukazivati,u,3,490
voditi,navoditi,na,1418,886
dati,izdati,iz,1431,212
živeti,doživeti,do,1216,203
štititi,zaštititi,za,250,159
vrediti,uvrediti,u,65,5
uzeti,preuzeti,pre,218,516
slutiti,naslutiti,na,8,4
hvatati,prihvatati,pri,12,192
pasti,napasti,na,108,79
nositi,prenositi,pre,599,280
igrati,odigrati,od,607,144
putiti,zaputiti,za,40,11
poznavati,prepoznavati,pre,154,114
tonuti,utonuti,u,1,3
vesti,prevesti,pre,11,52
taknuti,dotaknuti,do,65,2
pasti,upasti,u,108,79
paziti,zapaziti,za,28,12
krasti,ukrasti,u,330,429
uzeti,oduzeti,od,218,70
gledati,pregledati,pre,392,138
govoriti,dogovoriti,do,1638,114
reći,odreći,od,2822,34
viti,razviti,raz,221,362
ići,obići,ob,644,170
vijati,odvijati,od,2,306
hraniti,sahraniti,sa,29,6
setiti,podsetiti,pod,51,290
dizati,uzdizati,uz,8,21
vajati,odvajati,od,15,33
kočiti,ukočiti,u,10,1
stojati,sastojati,sa,32,617
stajati,pristajati,pri,397,18
vući,navući,na,6,2
kloniti,ukloniti,u,4,219
braniti,zabraniti,za,99,35
vući,zavući,za,6,368
risati,obrisati,ob,6,43
puštati,prepuštati,pre,43,12
rediti,urediti,u,20,124
nositi,iznositi,iz,599,693
buditi,uzbuditi,uz,154,360
hvaliti,zahvaliti,za,11,300
nositi,unositi,u,599,100
siliti,prisiliti,pri,8,10
ostati,preostati,pre,816,3
baciti,ubaciti,u,55,44
ložiti,odložiti,od,1,49
kazati,prikazati,pri,1983,294
uzimati,obuzimati,ob,173,2
maknuti,odmaknuti,od,233,1
viknuti,doviknuti,do,897,1
voditi,izvoditi,iz,1418,261
držati,uzdržati,uz,319,18
pisati,upisati,u,458,143
očarati,razočarati,raz,14,9
dirati,prodirati,pro,9,6
baviti,nabaviti,na,1469,116
javiti,prijaviti,pri,165,618
stajati,zastajati,za,397,5
reći,izreći,iz,2822,35
davati,izdavati,iz,791,150
plakati,zaplakati,za,15,323
biti,probiti,pro,197977,24
kazivati,prikazivati,pri,3,460
slušati,saslušati,sa,222,32
stajati,nastajati,na,397,206
setiti,prisetiti,pri,51,10
nuditi,prinuditi,pri,1292,2
vući,odvući,od,6,3
seći,preseći,pre,2,3
morati,primorati,pri,3422,14
gurnuti,odgurnuti,od,9,3
moriti,odmoriti,od,2,23
maknuti,primaknuti,pri,233,301
mrštiti,namrštiti,na,147,300
baciti,dobaciti,do,55,2
laziti,zalaziti,za,1,11
uzimati,zauzimati,za,173,161
vijati,razvijati,raz,2,630
kupiti,sakupiti,sa,395,41
živeti,preživeti,pre,1216,154
pamtiti,zapamtiti,za,83,37
seliti,preseliti,pre,10,54
disati,uzdisati,uz,31,288
kazivati,dokazivati,do,3,70
maknuti,izmaknuti,iz,233,1
ćutati,ućutati,u,1851,1
vršiti,dovršiti,do,770,51
hapsiti,uhapsiti,u,9,23
krstiti,prekrstiti,pre,6,2
lagati,izlagati,iz,10,114
glasiti,proglasiti,pro,90,112
držati,sadržati,sa,319,931
micati,odmicati,od,1,9
vladati,zavladati,za,67,8
ključati,zaključati,za,2,16
viđati,uviđati,u,36,15
šaputati,prošaputati,pro,4,273
ticati,uticati,u,471,849
ćutati,zaćutati,za,1851,2
micati,izmicati,iz,1,5
dahnuti,udahnuti,u,22,8
nalaziti,pronalaziti,pro,3554,77
raditi,zaraditi,za,4247,56
širiti,proširiti,pro,163,220
sticati,podsticati,pod,185,201
tumačiti,protumačiti,pro,73,11
meriti,odmeriti,od,121,6
radovati,obradovati,ob,93,35
brisati,izbrisati,iz,68,72
graditi,sagraditi,sa,368,46
pisati,zapisati,za,458,22
graditi,izgraditi,iz,368,303
padati,upadati,u,106,8
šetati,prošetati,pro,37,26
ljutiti,naljutiti,na,18,4
videti,uvideti,u,1518,34
zvoniti,zazvoniti,za,5,8
živeti,proživeti,pro,1216,11
trčati,dotrčati,do,16,2
juriti,odjuriti,od,14,247
služiti,zaslužiti,za,443,32
slediti,uslediti,u,220,155
spraviti,uspraviti,u,33,2
voleti,izvoleti,iz,483,1
viti,saviti,sa,221,3
sretati,susretati,su,54,125
ostajati,preostajati,pre,453,24
tiskati,pritiskati,pri,115,1
gledati,sagledati,sa,392,111
drhtati,zadrhtati,za,983,2
videti,zavideti,za,1518,1
beležiti,zabeležiti,za,124,107
micati,promicati,pro,1,8
stupiti,nastupiti,na,154,129
padati,napadati,na,106,22
pamtiti,upamtiti,u,83,2
nuti,prenuti,pre,4,1
vijati,savijati,sa,2,4
gledati,razgledati,raz,392,13
stati,sastati,sa,141,322
disati,udisati,u,31,17
uhvatiti,obuhvatiti,ob,79,169
tešiti,utešiti,u,3,1
oružati,naoružati,na,11,3
goniti,progoniti,pro,10,7
blažiti,ublažiti,u,1,37
voditi,prevoditi,pre,1418,39
izvoditi,proizvoditi,pro,261,378
mucati,promucati,pro,188,218
robiti,zarobiti,za,1,11
desiti,udesiti,u,338,2
desiti,zadesiti,za,338,23
umiti,naumiti,na,4,3
ticati,doticati,do,471,18
stajati,sastajati,sa,397,29
sećati,prisećati,pri,80,29
kloniti,zakloniti,za,4,212
micati,primicati,pri,1,3
saditi,dosaditi,do,9,9
počinjati,započinjati,za,468,99
goniti,nagoniti,na,10,1
gušiti,ugušiti,u,12,9
rediti,prirediti,pri,20,48
slaviti,proslaviti,pro,118,92
metati,nametati,na,1,82
puštati,propuštati,pro,43,20
turati,preturati,pre,2,1
razumevati,podrazumevati,pod,7,605
pasti,zapasti,za,108,16
činiti,sačiniti,sa,1856,43
roniti,izroniti,iz,5,4
sporiti,usporiti,u,7,31
vraćati,uzvraćati,uz,253,2
teći,proteći,pro,92,95
valiti,prevaliti,pre,29,3
žmuriti,zažmuriti,za,2,2
bledeti,prebledeti,pre,153,197
ići,razići,raz,644,9
motati,umotati,u,1,1
slikati,naslikati,na,18,5
rezati,urezati,u,1,5
gušiti,prigušiti,pri,12,3
glasiti,naglasiti,na,90,709
vesti,zavesti,za,11,6
grejati,zagrejati,za,15,10
ceniti,proceniti,pro,27,108
okupiti,zaokupiti,za,283,3
padati,propadati,pro,106,14
valiti,provaliti,pro,29,4
krasiti,ukrasiti,u,60,10
viriti,proviriti,pro,1,187
skočiti,preskočiti,pre,48,30
moriti,umoriti,u,2,5
miti,umiti,u,3,4
riti,zariti,za,75,7
čekati,pričekati,pri,348,13
ložiti,uložiti,u,1,204
raditi,izraditi,iz,4247,242
upreti,odupreti,od,164,9
nositi,zanositi,za,599,1
viti,uviti,u,221,2
piti,napiti,na,59,3
plaviti,preplaviti,pre,4,7
kloniti,nakloniti,na,4,181
domisliti,predomisliti,pre,1,10
klanjati,zaklanjati,za,4,4
žeti,prožeti,pro,1995,8
ticati,proticati,pro,471,30
nositi,prinositi,pri,599,8
trčati,pritrčati,pri,16,177
deliti,dodeliti,do,227,105
uzdati,obuzdati,ob,3,9
maknuti,promaknuti,pro,233,176
uzimati,oduzimati,od,173,41
seći,odseći,od,2,3
javiti,najaviti,na,165,268
slediti,naslediti,na,220,21
govoriti,nagovoriti,na,1638,4
kovati,prikovati,pri,2,172
interesovati,zainteresovati,za,42,16
poručiti,preporučiti,pre,319,82
mešati,izmešati,iz,49,8
ložiti,naložiti,na,1,25
moći,domoći,do,17189,2
valiti,zavaliti,za,29,1
davati,pridavati,pri,791,40
boleti,razboleti,raz,5,9
brzati,ubrzati,u,22,111
pustiti,upustiti,u,126,25
šiti,sušiti,su,1,23
pasti,pripasti,pri,108,57
dužiti,zadužiti,za,6,16
koračiti,zakoračiti,za,9,15
skakati,preskakati,pre,6,2
vraćati,odvraćati,od,253,2
zvati,dozvati,do,247,3
ljubiti,priljubiti,pri,8,162
terati,doterati,do,27,2
pevati,zapevati,za,62,1
seliti,naseliti,na,10,16
maknuti,umaknuti,u,233,159
groziti,ugroziti,u,1,79
vijati,uvijati,u,2,2
viti,izviti,iz,221,156
dati,zadati,za,1431,34
valiti,navaliti,na,29,156
plašiti,preplašiti,pre,81,3
voditi,odvoditi,od,1418,15
vući,provući,pro,6,4
davati,udavati,u,791,1
loviti,uloviti,u,8,4
kopati,zakopati,za,11,6
stupiti,pristupiti,pri,154,317
stavljati,sastavljati,sa,221,26
pomenuti,napomenuti,na,132,152
jesti,ujesti,u,72,1
pisati,prepisati,pre,458,6
pisati,pripisati,pri,458,19
puštati,upuštati,u,43,8
baciti,zabaciti,za,55,2
skratiti,uskratiti,u,25,24
kucati,zakucati,za,7,3
boleti,zaboleti,za,5,1
kačiti,zakačiti,za,1,6
davati,zadavati,za,791,4
diviti,zadiviti,za,19,7
krcati,ukrcati,u,8,9
porediti,uporediti,u,16,82
leteti,naleteti,na,3,4
baviti,zabaviti,za,1469,32
pasti,prepasti,pre,108,145
lupiti,zalupiti,za,1,144
stupati,nastupati,na,48,164
vijati,izvijati,iz,2,144
lagati,nalagati,na,10,31
hoditi,uhoditi,u,164,1
crtati,nacrtati,na,21,10
dati,uzdati,uz,1431,3
spavati,uspavati,u,356,1
lagati,odlagati,od,10,21
trebati,zatrebati,za,4679,24
učiti,proučiti,pro,238,29
vijati,zavijati,za,2,3
roniti,uroniti,u,5,9
igrati,zaigrati,za,607,6
daviti,udaviti,u,12,3
stizati,pristizati,pri,184,13
lutati,zalutati,za,9,5
tovariti,natovariti,na,2,1
ustajati,odustajati,od,12,41
lepiti,zalepiti,za,9,11
vući,razvući,raz,6,2
secati,presecati,pre,1,3
vesti,privesti,pri,11,28
obići,zaobići,za,170,38
jahati,uzjahati,uz,568,135
svući,presvući,pre,237,134
baviti,izbaviti,iz,1469,6
topiti,utopiti,u,15,6
kupiti,prikupiti,pri,395,108
udarati,zaudarati,za,14,134
bledeti,izbledeti,iz,153,9
biti,nabiti,na,197977,5
setiti,dosetiti,do,51,5
mašiti,promašiti,pro,1,6
ticati,zaticati,za,471,3
kopati,ukopati,u,11,1
čuti,pročuti,pro,517,1
skočiti,odskočiti,od,48,1
dražiti,razdražiti,raz,6,131
živiti,doživiti,do,45,31
siti,prositi,pro,9,3
voleti,zavoleti,za,483,5
teći,uteći,u,92,1
voditi,uvoditi,u,1418,149
vući,dovući,do,6,3
imati,nadimati,nad,11939,1
prineti,doprineti,do,1,730
dubiti,udubiti,u,2,1
trljati,protrljati,pro,2,129
ćutati,prećutati,pre,1851,1
gaziti,pregaziti,pre,3,4
tisnuti,utisnuti,u,7,128
strašiti,prestrašiti,pre,1,1
trpati,zatrpati,za,1,2
lečiti,izlečiti,iz,47,13
stremiti,ustremiti,u,17,1
kinuti,ukinuti,u,25,75
dobiti,zadobiti,za,2440,26
nositi,nanositi,na,599,85
zboriti,prozboriti,pro,3,2
ličiti,priličiti,pri,51,6
stupiti,ustupiti,u,154,36
činiti,pričiniti,pri,1856,8
mrgoditi,namrgoditi,na,12,123
koračiti,prekoračiti,pre,9,14
graditi,nagraditi,na,368,31
živiti,preživiti,pre,45,4
dahnuti,izdahnuti,iz,22,1
valiti,izvaliti,iz,29,122
pustiti,zapustiti,za,126,121
uzeti,izuzeti,iz,218,13
ostati,zaostati,za,816,4
mrsiti,zamrsiti,za,2,120
padati,zapadati,za,106,4
biti,zabiti,za,197977,2
drhtati,uzdrhtati,uz,983,119
udarati,odudarati,od,14,6
kopati,dokopati,do,11,3
noćiti,prenoćiti,pre,33,1
krstiti,ukrstiti,u,6,4
viriti,zaviriti,za,1,9
metati,razmetati,raz,1,1
pušiti,zapušiti,za,15,1
poručivati,preporučivati,pre,66,354
braniti,odbraniti,od,99,83
goreti,izgoreti,iz,1,9
ostati,izostati,iz,816,31
zvati,prizvati,pri,247,4
vesti,razvesti,raz,11,6
gledati,nadgledati,nad,392,51
terati,preterati,pre,27,2
vratiti,navratiti,na,691,1
izvesti,proizvesti,pro,196,132
nervirati,iznervirati,iz,6,2
kasniti,zakasniti,za,15,5
bacati,razbacati,raz,40,110
likovati,oblikovati,ob,133,93
micati,uzmicati,uz,1,2
gomilati,nagomilati,na,7,3
snovati,zasnovati,za,41,22
viti,priviti,pri,221,109
kazati,zakazati,za,1983,53
zvati,prozvati,pro,247,7
prezati,naprezati,na,3,109
manuti,obmanuti,ob,133,3
viditi,uviditi,u,255,32
tajiti,pritajiti,pri,1,108
birati,prebirati,pre,297,1
gađati,nagađati,na,10,2
srnuti,nasrnuti,na,23,4
meriti,zameriti,za,121,5
tražiti,pretražiti,pre,1086,26
uzimati,preuzimati,pre,173,139
sititi,zasititi,za,18,106
sipati,prosipati,pro,23,1
držati,pridržati,pri,319,104
letiti,izletiti,iz,22,1
važiti,odvažiti,od,232,11
pretiti,zapretiti,za,90,10
varati,zavarati,za,14,5
praviti,upraviti,u,255,1
vezati,privezati,pri,26,2
brusiti,odbrusiti,od,3,102
liti,obliti,ob,1,102
hraniti,nahraniti,na,29,7
prljati,uprljati,u,2,1
seliti,useliti,u,10,6
uzrokovati,prouzrokovati,pro,104,72
upirati,odupirati,od,3,99
drmati,prodrmati,pro,3,6
magliti,zamagliti,za,124,99
liti,uliti,u,1,9
putovati,doputovati,do,235,19
žaliti,sažaliti,sa,55,1
seliti,odseliti,od,10,4
moriti,zamoriti,za,2,1
tući,utući,u,31,97
viti,zaviti,za,221,97
kašljati,nakašljati,na,128,97
leteti,izleteti,iz,3,3
misliti,promisliti,pro,921,11
visiti,uzvisiti,uz,4,96
liti,zaliti,za,1,1
pratiti,propratiti,pro,1050,8
grliti,obgrliti,ob,2,1
računati,izračunati,iz,427,40
bivati,dobivati,do,65,35
prtiti,uprtiti,u,23,3
stupati,zastupati,za,48,107
rušiti,narušiti,na,17,27
valiti,uvaliti,u,29,2
baviti,pribaviti,pri,1469,46
maknuti,razmaknuti,raz,233,94
spavati,prespavati,pre,356,3
plašiti,zaplašiti,za,81,2
platiti,naplatiti,na,276,28
krutiti,ukrutiti,u,49,93
daviti,zadaviti,za,12,93
sipati,zasipati,za,23,2
vijati,previjati,pre,2,92
viknuti,priviknuti,pri,897,92
staviti,dostaviti,do,357,390
šaliti,našaliti,na,8,2
cediti,procediti,pro,99,1
mazati,namazati,na,1,6
dužiti,izdužiti,iz,6,91
vraćati,navraćati,na,253,1
gunđati,progunđati,pro,1,91
miriti,izmiriti,iz,5,12
roniti,zaroniti,za,5,6
poznavati,upoznavati,u,154,59
obratiti,preobratiti,pre,530,89
gledati,nagledati,na,392,2
moriti,premoriti,pre,2,89
uditi,nauditi,na,5,3
slepiti,zaslepiti,za,5,89
trpeti,pretrpeti,pre,89,69
biti,prebiti,pre,197977,1
vrteti,zavrteti,za,12,2
lagati,ulagati,u,10,208
juriti,dojuriti,do,14,1
užiti,odužiti,od,20,8
vući,podvući,pod,6,20
pečatiti,zapečatiti,za,12,87
dirati,razdirati,raz,9,87
legati,razlegati,raz,4,87
želiti,zaželiti,za,67,1
terati,proterati,pro,27,6
mučiti,namučiti,na,33,86
gurati,ugurati,u,25,1
općiti,uopćiti,u,1,2
jahati,odjahati,od,568,86
jecati,zajecati,za,1,86
taknuti,nataknuti,na,65,85
metati,premetati,pre,1,85
snivati,zasnivati,za,1,214
listati,prelistati,pre,11,3
veseliti,razveseliti,raz,1,2
roditi,izroditi,iz,66,9
manjiti,umanjiti,u,232,52
leteti,odleteti,od,3,5
točiti,zatočiti,za,1,84
buniti,uzbuniti,uz,7,1
topiti,natopiti,na,15,2
teći,priteći,pri,92,6
likovati,nalikovati,na,133,8
kriviti,nakriviti,na,17,84
dragati,razdragati,raz,3,84
govoriti,ugovoriti,u,1638,23
dosećati,predosećati,pre,18,1
govoriti,prigovoriti,pri,1638,2
likovati,dolikovati,do,133,6
svirati,zasvirati,za,90,1
družiti,udružiti,u,67,48
liti,proliti,pro,1,1
mamiti,izmamiti,iz,1,6
sušiti,sasušiti,sa,23,82
brojati,izbrojati,iz,68,5
tišati,utišati,u,8,5
hvatati,zahvatati,za,12,14
vedriti,razvedriti,raz,1,1
liti,izliti,iz,1,3
njušiti,nanjušiti,na,88,80
likovati,odlikovati,od,133,154
otkriti,razotkriti,raz,563,9
dahnuti,predahnuti,pre,22,80
viriti,izviriti,iz,1,17
mjeriti,namjeriti,na,7,79
miriti,primiriti,pri,5,1
trnuti,pretrnuti,pre,52,78
menjati,izmenjati,iz,440,78
derati,proderati,pro,245,78
motriti,razmotriti,raz,1,435
vršiti,navršiti,na,770,15
jariti,razjariti,raz,16,77
vijati,privijati,pri,2,77
nositi,nadnositi,nad,599,77
rušiti,obrušiti,ob,17,3
metati,nadmetati,nad,1,14
seliti,doseliti,do,10,8
obilaziti,zaobilaziti,za,28,13
šiti,sašiti,sa,1,76
viti,odviti,od,221,2
upirati,podupirati,pod,3,2
piti,pripiti,pri,59,2
kloniti,prikloniti,pri,4,7
ložiti,založiti,za,1,19
lepiti,prilepiti,pri,9,75
klanjati,uklanjati,u,4,79
letati,preletati,pre,5,1
nositi,raznositi,raz,599,1
besneti,razbesneti,raz,1,1
jaditi,dojaditi,do,8,75
skočiti,uskočiti,u,48,5
niknuti,proniknuti,pro,116,1
režati,zarežati,za,2,74
lomiti,prelomiti,pre,7,6
vladati,nadvladati,nad,67,8
uzdavati,obuzdavati,ob,26,2
sijati,zasijati,za,12,10
stupati,ustupati,u,48,7
vapiti,zavapiti,za,4,1
voleti,privoleti,pri,483,1
viknuti,podviknuti,pod,897,73
slagati,naslagati,na,119,73
mutiti,zamutiti,za,6,73
moliti,promoliti,pro,13,73
drmati,uzdrmati,uz,3,6
buditi,razbuditi,raz,154,2
letiti,naletiti,na,22,2
štedeti,uštedeti,u,2,40
čistiti,pročistiti,pro,22,5
tresti,protresti,pro,499,1
liti,preliti,pre,1,10
svirati,odsvirati,od,90,8
grabiti,dograbiti,do,3,71
trčati,pretrčati,pre,16,2
maknuti,zamaknuti,za,233,70
krotiti,ukrotiti,u,2,2
rešiti,razrešiti,raz,259,26
tvoriti,pritvoriti,pri,2,70
izlaziti,proizlaziti,pro,210,37
turiti,proturiti,pro,62,1
ljutiti,razljutiti,raz,18,2
voliti,zavoliti,za,65,7
vitlati,zavitlati,za,121,69
pipati,napipati,na,140,3
paziti,pripaziti,pri,28,2
vrteti,uvrteti,u,12,68
čuti,načuti,na,517,3
ostajati,zaostajati,za,453,28
liti,naliti,na,1,1
dremati,zadremati,za,128,68
leteti,uleteti,u,3,2
vezati,zavezati,za,26,1
jahati,projahati,pro,568,67
saditi,zasaditi,za,9,14
ganjati,proganjati,pro,1,5
biti,sabiti,sa,197977,1
koriti,prekoriti,pre,2,1
kratiti,prekratiti,pre,1,3
letiti,uletiti,u,22,3
upreti,podupreti,pod,164,1
saditi,usaditi,u,9,5
meriti,izmeriti,iz,121,21
rugati,narugati,na,3,66
jačati,nadjačati,nad,73,4
ljuljati,zaljuljati,za,8,1
maknuti,uzmaknuti,uz,233,65
graditi,ugraditi,u,368,53
blistati,zablistati,za,1,5
trošiti,utrošiti,u,102,14
hteti,prohteti,pro,16392,64
sezati,dosezati,do,66,4
raditi,obraditi,ob,4247,58
legati,podlegati,pod,4,3
letiti,odletiti,od,22,1
letati,izletati,iz,5,2
lagati,zalagati,za,10,146
šarati,prošarati,pro,1,1
kašljati,zakašljati,za,128,62
ostaviti,izostaviti,iz,419,10
mučiti,izmučiti,iz,33,62
rušiti,prerušiti,pre,17,62
poloviti,prepoloviti,pre,9,7
juriti,projuriti,pro,14,62
siktati,prosiktati,pro,43,61
spravljati,uspravljati,u,2,1
kršiti,prekršiti,pre,77,47
mirisati,namirisati,na,13,2
čuljiti,načuljiti,na,8,60
škoditi,naškoditi,na,7,15
leteti,preleteti,pre,3,60
sedeti,presedeti,pre,58,60
turiti,preturiti,pre,62,60
lomiti,prolomiti,pro,7,60
lutati,odlutati,od,9,3
deliti,razdeliti,raz,227,60
trnuti,utrnuti,u,52,2
plesti,saplesti,sa,223,60
vrtiti,zavrtiti,za,24,60
grebati,izgrebati,iz,1,1
spavati,odspavati,od,356,1
pajati,napajati,na,7,12
bežati,razbežati,raz,40,1
oružati,razoružati,raz,11,6
denuti,zadenuti,za,24,59
šaptati,prošaptati,pro,79,59
piti,upiti,u,59,23
stradati,nastradati,na,106,13
brazdati,izbrazdati,iz,30,58
kupiti,nakupiti,na,395,5
verati,uzverati,uz,1,1
gaziti,zagaziti,za,3,2
prinositi,doprinositi,do,8,534
uveriti,razuveriti,raz,113,1
vijati,nadvijati,nad,2,5
saviti,presaviti,pre,3,57
pričati,prepričati,pre,387,9
bušiti,probušiti,pro,1,6
udati,preudati,pre,27,57
grliti,prigrliti,pri,2,14
grejati,ugrejati,u,15,6
bivati,prebivati,pre,65,4
viđati,priviđati,pri,36,56
dizati,izdizati,iz,8,12
šiti,ušiti,u,1,14
žariti,zažariti,za,54,56
pratiti,dopratiti,do,1050,1
vezati,razvezati,raz,26,56
mrljati,umrljati,u,16,56
nakaziti,unakaziti,u,8,56
voditi,zavoditi,za,1418,10
misliti,umisliti,u,921,1
žaliti,zažaliti,za,55,4
grabiti,ugrabiti,u,3,2
samariti,nasamariti,na,5,56
birati,sabirati,sa,297,9
meriti,nameriti,na,121,4
lajati,zalajati,za,209,55
noćiti,zanoćiti,za,33,55
pomagati,zapomagati,za,852,55
mamiti,namamiti,na,1,55
želeti,zaželeti,za,2878,55
zvučati,zazvučati,za,19,3
žeti,sažeti,sa,1995,5
očit,naočit,na,50,54
okrenuti,preokrenuti,pre,80,13
ložiti,obložiti,ob,1,12
vaditi,zavaditi,za,17,1
dobiti,pridobiti,pri,2440,6
letati,obletati,ob,5,53
žad,užad,u,19,53
važiti,uvažiti,u,232,14
kočiti,zakočiti,za,10,1
lizati,izlizati,iz,1,53
planuti,preplanuti,pre,4,4
goreti,sagoreti,sa,1,2
djelovati,sudjelovati,su,48,22
mašiti,nadmašiti,nad,1,17
minuti,uminuti,u,95,1
razumiti,urazumiti,u,2,2
goditi,ugoditi,u,4,6
skočiti,priskočiti,pri,48,3
stupiti,odstupiti,od,154,14
hoditi,nahoditi,na,164,52
zbiti,suzbiti,su,5,10
prečiti,preprečiti,pre,22,52
veriti,zaveriti,za,1,52
stezati,ustezati,u,1,52
letati,saletati,sa,5,1
sesti,zasesti,za,1,52
grnuti,nagrnuti,na,8,51
viti,previti,pre,221,51
cerekati,zacerekati,za,125,51
udarati,podudarati,pod,14,29
prositi,zaprositi,za,3,51
trčati,protrčati,pro,16,2
značiti,naznačiti,na,1033,65
okupljati,zaokupljati,za,190,7
valiti,odvaliti,od,29,51
leteti,proleteti,pro,3,1
obući,preobući,pre,8,51
mračiti,zamračiti,za,29,50
gaziti,nagaziti,na,3,1
metati,podmetati,pod,1,50
viti,nadviti,nad,221,7
leteti,uzleteti,uz,3,2
pominjati,napominjati,na,130,64
gostiti,ugostiti,u,1,74
vladati,prevladati,pre,67,12
patiti,propatiti,pro,13,6
nositi,pronositi,pro,599,3
dešavati,udešavati,u,356,49
voziti,prevoziti,pre,137,38
komentarisati,prokomentarisati,pro,48,16
grditi,izgrditi,iz,1,3
glasiti,saglasiti,sa,90,90
juriti,izjuriti,iz,14,1
gneviti,razgneviti,raz,9,49
učiti,izučiti,iz,238,2
hladiti,prehladiti,pre,10,48
micati,zamicati,za,1,48
veo,uveo,u,300,48
plivati,zaplivati,za,21,3
trpati,pretrpati,pre,1,2
gledati,progledati,pro,392,2
pleniti,zapleniti,za,8,2
krčiti,zakrčiti,za,3,1
bistriti,razbistriti,raz,50,4
pretiti,pripretiti,pri,90,47
lepiti,odlepiti,od,9,7
brojiti,izbrojiti,iz,40,47
valiti,razvaliti,raz,29,2
hodati,uhodati,u,42,2
činiti,začiniti,za,1856,20
ležati,odležati,od,175,1
škripati,zaškripati,za,1,47
treperiti,zatreperiti,za,9,47
govoriti,razgovoriti,raz,1638,47
duvati,izduvati,iz,13,2
skakati,odskakati,od,6,46
rediti,prorediti,pro,20,46
letiti,preletiti,pre,22,2
kostrešiti,nakostrešiti,na,10,46
močiti,umočiti,u,20,1
cvetati,procvetati,pro,11,5
crtati,ucrtati,u,21,2
paliti,pripaliti,pri,50,1
boriti,izboriti,iz,355,86
lomiti,izlomiti,iz,7,2
gladiti,ugladiti,u,112,45
mrtviti,umrtviti,u,143,45
vijati,navijati,na,2,11
biti,pribiti,pri,197977,1
ići,podići,pod,644,290
živeti,nadživeti,nad,1216,2
turiti,zaturiti,za,62,1
vući,prevući,pre,6,2
letati,proletati,pro,5,1
ustaviti,obustaviti,ob,40,34
meriti,umeriti,u,121,44
uzdati,zauzdati,za,3,1
sukati,nasukati,na,57,44
tkati,satkati,sa,1,1
kobiti,sukobiti,su,39,6
lučiti,razlučiti,raz,6,4
okružiti,zaokružiti,za,1,29
krpiti,zakrpiti,za,2,43
gurati,izgurati,iz,25,5
brojati,nabrojati,na,68,10
šminkati,našminkati,na,1,2
stizati,sustizati,su,184,1
hvat,dohvat,do,20,43
vejati,razvejati,raz,46,42
obliti,zaobliti,za,102,42
igrati,izigrati,iz,607,1
kačiti,prikačiti,pri,1,1
miriti,namiriti,na,5,2
grnuti,razgrnuti,raz,8,1
seći,useći,u,2,3
oštriti,izoštriti,iz,28,1
zdraviti,nazdraviti,na,136,41
dodati,pridodati,pri,893,13
letiti,proletiti,pro,22,1
raditi,razraditi,raz,4247,10
rediti,podrediti,pod,20,3
terati,saterati,sa,27,41
ogrnuti,zaogrnuti,za,109,41
dosetiti,predosetiti,pre,5,2
stupati,odstupati,od,48,23
koriti,ukoriti,u,2,2
reći,zareći,za,2822,1
motati,obmotati,ob,1,1
staviti,ustaviti,u,357,40
lediti,zalediti,za,5,40
bacati,nabacati,na,40,40
diktirati,izdiktirati,iz,35,40
moliti,izmoliti,iz,13,40
raditi,proraditi,pro,4247,7
češljati,začešljati,za,133,40
mileti,razmileti,raz,13,40
rezati,prerezati,pre,1,2
petljati,upetljati,u,78,1
pecati,upecati,u,1,40
strašiti,zastrašiti,za,1,7
boleti,preboleti,pre,5,40
magliti,odmagliti,od,124,1
zvati,sazvati,sa,247,140
iskati,zaiskati,za,152,39
šunjati,ušunjati,u,50,39
dubiti,produbiti,pro,2,19
suditi,presuditi,pre,50,24
strujati,prostrujati,pro,40,3
vezati,odvezati,od,26,4
tajiti,zatajiti,za,1,2
leteti,razleteti,raz,3,39
žariti,užariti,u,54,39
trčati,utrčati,u,16,39
gubiti,zagubiti,za,165,1
disati,izdisati,iz,31,1
motati,zamotati,za,1,2
voditi,privoditi,pri,1418,8
pisati,propisati,pro,458,23
petljati,zapetljati,za,78,38
deliti,udeliti,u,227,1
tući,dotući,do,31,38
baviti,dobaviti,do,1469,1
ložiti,priložiti,pri,1,49
brijati,izbrijati,iz,115,37
žmiriti,zažmiriti,za,21,37
gaziti,izgaziti,iz,3,37
zidati,zazidati,za,3,1
svlačiti,presvlačiti,pre,165,1
tući,natući,na,31,37
golicati,zagolicati,za,1,3
pojiti,napojiti,na,48,1
crveniti,zacrveniti,za,23,36
vršiti,prevršiti,pre,770,1
birati,pribirati,pri,297,36
skraćivati,uskraćivati,u,18,12
sijati,usijati,u,12,36
mirisati,zamirisati,za,13,1
stavljati,dostavljati,do,221,110
ljubiti,izljubiti,iz,8,1
metati,primetati,pri,1,36
oći,nadoći,nad,1,1
letati,naletati,na,5,36
šuškati,ušuškati,u,68,4
pućiti,napućiti,na,11,36
dubiti,zadubiti,za,2,2
ćuliti,naćuliti,na,13,35
trpati,natrpati,na,1,1
živeti,saživeti,sa,1216,1
brojiti,prebrojiti,pre,40,1
broditi,prebroditi,pre,35,11
smejati,zasmejati,za,2,1
dejstvovati,izdejstvovati,iz,7,9
gajiti,odgajiti,od,15,4
vajati,izvajati,iz,15,3
rvati,obrvati,ob,48,5
migoljiti,izmigoljiti,iz,12,35
puniti,dopuniti,do,27,44
viti,naviti,na,221,1
mazati,premazati,pre,1,9
dobijati,zadobijati,za,738,34
piljiti,upiljiti,u,205,34
micati,razmicati,raz,1,34
kaljati,ukaljati,u,1,34
derati,razderati,raz,245,34
rešiti,odrešiti,od,259,34
praviti,prepraviti,pre,255,4
računati,proračunati,pro,427,3
crveneti,zacrveneti,za,39,1
udarati,izudarati,iz,14,34
baciti,nabaciti,na,55,5
rvati,survati,su,48,1
putovati,proputovati,pro,235,7
točiti,pretočiti,pre,1,19
viknuti,odviknuti,od,897,33
moći,uzmoći,uz,17189,33
rubiti,odrubiti,od,5,1
rezati,odrezati,od,1,1
vozati,provozati,pro,96,5
brojati,prebrojati,pre,68,5
množiti,umnožiti,u,5,3
traćiti,protraćiti,pro,34,33
glačati,uglačati,u,1,1
urediti,preurediti,pre,124,9
teturati,zateturati,za,2,33
mrsiti,razmrsiti,raz,2,1
smetati,zasmetati,za,20,2
vežbati,uvežbati,u,44,33
minirati,dominirati,do,3,125
goreti,dogoreti,do,1,33
birati,nabirati,na,297,33
borati,naborati,na,71,33
bujati,nabujati,na,8,3
gušiti,zagušiti,za,12,33
parati,zaparati,za,2,33
ploviti,uploviti,u,70,6
glumiti,odglumiti,od,19,32
liti,saliti,sa,1,32
mititi,podmititi,pod,7,2
trovati,zatrovati,za,1,1
učiti,podučiti,pod,238,3
roditi,uroditi,u,66,4
rastati,narastati,na,20,1
odati,nadodati,nad,100,32
ličiti,naličiti,na,51,32
jahati,dojahati,do,568,32
kititi,nakititi,na,1,32
zepsti,prozepsti,pro,24,32
isticati,proisticati,pro,482,42
sušiti,presušiti,pre,23,2
terati,priterati,pri,27,1
čuditi,načuditi,na,31,31
letati,uletati,u,5,31
okrenuti,zaokrenuti,za,80,31
hodati,prohodati,pro,42,3
umreti,izumreti,iz,132,2
javiti,dojaviti,do,165,31
maziti,razmaziti,raz,6,31
kvasiti,nakvasiti,na,62,31
plivati,preplivati,pre,21,1
hvatati,nahvatati,na,12,31
bečiti,izbečiti,iz,20,31
strašiti,ustrašiti,u,1,31
moriti,izmoriti,iz,2,31
videti,izvideti,iz,1518,31
stizati,dostizati,do,184,55
goditi,odgoditi,od,4,4
stupati,pristupati,pri,48,58
leteti,zaleteti,za,3,1
gnezditi,ugnezditi,u,3,2
služiti,uslužiti,u,443,13
skakati,uskakati,u,6,1
točiti,natočiti,na,1,3
nuditi,iznuditi,iz,1292,7
sretati,presretati,pre,54,30
suditi,prosuditi,pro,50,4
sjetiti,podsjetiti,pod,18,14
suziti,zasuziti,za,12,30
sloviti,nasloviti,na,2,1
roditi,naroditi,na,66,30
kipiti,ukipiti,u,10,29
zbijati,suzbijati,su,2,5
pljeskati,zapljeskati,za,106,29
goditi,nagoditi,na,4,29
pakostiti,napakostiti,na,28,29
terati,uterati,u,27,1
bušiti,izbušiti,iz,1,1
nišaniti,nanišaniti,na,1,1
stenjati,zastenjati,za,111,29
šiti,prišiti,pri,1,29
lupati,zalupati,za,1,29
sukati,usukati,u,57,29
računati,obračunati,ob,427,15
kupiti,zakupiti,za,395,17
krvaviti,zakrvaviti,za,80,29
hrupiti,nahrupiti,na,11,29
otkrivati,razotkrivati,raz,169,13
dizati,pridizati,pri,8,29
letati,uzletati,uz,5,28
obraćati,preobraćati,pre,94,28
puniti,prepuniti,pre,27,4
klanjati,priklanjati,pri,4,3
besniti,razbesniti,raz,6,1
seći,zaseći,za,2,28
viriti,naviriti,na,1,28
mazati,umazati,u,1,28
gospodariti,zagospodariti,za,4,4
sedati,odsedati,od,2,4
razložiti,obrazložiti,ob,4,152
zviždati,zazviždati,za,2,28
trubiti,zatrubiti,za,56,28
viti,podviti,pod,221,2
motati,razmotati,raz,1,28
skočiti,zaskočiti,za,48,1
rezati,izrezati,iz,1,3
tvor,pritvor,pri,25,27
beležiti,pribeležiti,pri,124,1
žaliti,prežaliti,pre,55,27
poroditi,preporoditi,pre,9,3
kidati,ukidati,u,2,35
nizati,nanizati,na,4,3
gladiti,zagladiti,za,112,27
gaziti,ugaziti,u,3,27
glasiti,razglasiti,raz,90,27
ćelav,proćelav,pro,131,27
motriti,promotriti,pro,1,1
krčiti,prokrčiti,pro,3,2
gaditi,zagaditi,za,1,6
jahati,izjahati,iz,568,27
vojevati,izvojevati,iz,1,7
stajati,odstajati,od,397,1
jadati,izjadati,iz,1,27
gladneti,izgladneti,iz,76,2
kazivati,zakazivati,za,3,16
titrati,zatitrati,za,66,27
mesiti,zamesiti,za,5,4
gurati,dogurati,do,25,3
venuti,uvenuti,u,38,27
lepiti,ulepiti,u,9,27
valiti,podvaliti,pod,29,26
gibati,sagibati,sa,20,26
rastati,prerastati,pre,20,26
gladiti,izgladiti,iz,112,2
rastati,odrastati,od,20,11
reći,proreći,pro,2822,1
deklamovati,izdeklamovati,iz,54,26
dubiti,izdubiti,iz,2,1
talasati,zatalasati,za,3,26
ploviti,zaploviti,za,70,26
kititi,zakititi,za,1,26
priličiti,upriličiti,u,6,8
davati,uzdavati,uz,791,26
grajati,zagrajati,za,57,26
ujedati,izujedati,iz,118,25
bdeti,probdeti,pro,199,25
seći,saseći,sa,2,2
goniti,razgoniti,raz,10,25
ticati,preticati,pre,471,1
šišati,podšišati,pod,5,25
razlagati,obrazlagati,ob,2,9
raditi,odraditi,od,4247,31
turiti,doturiti,do,62,1
lanuti,izlanuti,iz,16,25
leteti,doleteti,do,3,25
dizati,zadizati,za,8,25
beležiti,ubeležiti,u,124,3
nositi,uznositi,uz,599,25
ječati,zaječati,za,111,25
strčati,ustrčati,u,74,1
vjeriti,uvjeriti,u,30,12
bludeti,zabludeti,za,23,2
tući,pretući,pre,31,9
crtati,precrtati,pre,21,1
viriti,priviriti,pri,1,25
mlatiti,premlatiti,pre,1,25
staviti,pristaviti,pri,357,1
grditi,nagrditi,na,1,24
spaliti,uspaliti,u,9,24
kikotati,zakikotati,za,80,24
tuliti,utuliti,u,17,24
trajati,dotrajati,do,700,3
rezati,obrezati,ob,1,24
brojiti,nabrojiti,na,40,2
čkiljiti,začkiljiti,za,24,24
buktati,razbuktati,raz,13,1
vetriti,provetriti,pro,1,1
goreti,razgoreti,raz,1,24
jahati,zajahati,za,568,24
vezati,uvezati,u,26,5
pucati,upucati,u,28,24
ticati,priticati,pri,471,24
dati,pridati,pri,1431,9
topiti,pretopiti,pre,15,24
uzeti,poduzeti,pod,218,27
slediti,proslediti,pro,220,42
krenuti,zakrenuti,za,317,24
gađati,odgađati,od,10,4
ostajati,izostajati,iz,453,20
gledati,odgledati,od,392,7
miriti,podmiriti,pod,5,8
skočiti,doskočiti,do,48,23
joguniti,uzjoguniti,uz,14,1
pisati,dopisati,do,458,4
spavati,naspavati,na,356,3
mesiti,umesiti,u,5,6
krštavati,ukrštavati,u,5,23
rumeniti,zarumeniti,za,2,23
gibati,ugibati,u,20,1
pucati,pripucati,pri,28,23
videti,prevideti,pre,1518,4
prodavati,preprodavati,pre,259,23
nalaziti,iznalaziti,iz,3554,23
gluv,nagluv,na,205,23
sukati,zasukati,za,57,23
denuti,udenuti,u,24,23
rediti,nadrediti,nad,20,23
letati,nadletati,nad,5,1
kukati,zakukati,za,3,23
kovati,zakovati,za,2,23
vijati,dovijati,do,2,2
žeći,užeći,u,36,22
rediti,obrediti,ob,20,22
grebati,zagrebati,za,1,22
sedati,zasedati,za,2,4
izići,proizići,pro,6,3
recitovati,izrecitovati,iz,6,1
uzdati,razuzdati,raz,3,22
čuvati,pričuvati,pri,383,22
vezivati,odvezivati,od,10,22
naduti,podnaduti,pod,143,22
saditi,nasaditi,na,9,22
vikati,zavikati,za,5,22
voditi,razvoditi,raz,1418,1
misliti,namisliti,na,921,22
vezivati,razvezivati,raz,10,22
pričati,napričati,na,387,22
inatiti,zainatiti,za,21,22
sisati,usisati,u,1,2
pucati,zapucati,za,28,1
stupiti,zastupiti,za,154,1
brbljati,izbrbljati,iz,193,21
šiljiti,zašiljiti,za,9,21
služiti,odslužiti,od,443,5
ispitati,preispitati,pre,92,50
ubijati,izubijati,iz,51,21
čistiti,prečistiti,pre,22,1
izaći,proizaći,pro,334,26
svetliti,prosvetliti,pro,160,21
grabiti,zagrabiti,za,3,21
celiti,zaceliti,za,40,21
zvati,zazvati,za,247,1
hladneti,zahladneti,za,55,1
ceniti,zaceniti,za,27,21
slušati,naslušati,na,222,1
plesati,zaplesati,za,12,1
pakovati,upakovati,u,33,4
zidati,sazidati,sa,3,2
roniti,odroniti,od,5,21
rušiti,razrušiti,raz,17,2
obraćati,saobraćati,sa,94,25
lepršati,zalepršati,za,1,21
motati,odmotati,od,1,21
imenovati,naimenovati,na,102,20
rogušiti,narogušiti,na,5,20
bivati,izbivati,iz,65,1
bljuvati,izbljuvati,iz,34,20
vejati,zavejati,za,46,20
pojiti,pripojiti,pri,48,4
bledeti,ubledeti,u,153,20
ređati,naređati,na,5,20
secati,odsecati,od,1,5
zvoniti,odzvoniti,od,5,20
mazati,razmazati,raz,1,1
letati,zaletati,za,5,20
mazati,zamazati,za,1,20
treptati,zatreptati,za,2,20
kuvati,zakuvati,za,28,20
sedati,nasedati,na,2,1
mešati,promešati,pro,49,7
gurati,progurati,pro,25,4
viditi,providiti,pro,255,1
piti,propiti,pro,59,20
vrpoljiti,uzvrpoljiti,uz,60,20
naći,iznaći,iz,816,8
voziti,dovoziti,do,137,7
saditi,presaditi,pre,9,2
hraniti,prehraniti,pre,29,3
ispitivati,preispitivati,pre,11,18
videti,privideti,pri,1518,20
šuštati,zašuštati,za,86,19
postaviti,zapostaviti,za,652,2
oštriti,naoštriti,na,28,19
klesati,uklesati,u,2,1
lepršati,odlepršati,od,1,19
graditi,pregraditi,pre,368,1
mileti,izmileti,iz,13,19
umirati,izumirati,iz,31,19
sloviti,prosloviti,pro,2,19
tanjiti,utanjiti,u,1,19
metati,zametati,za,1,2
pucketati,zapucketati,za,102,19
prljati,zaprljati,za,2,19
mreškati,namreškati,na,17,19
krkljati,zakrkljati,za,59,19
klimati,zaklimati,za,1,19
ostavljati,izostavljati,iz,156,5
čuti,pričuti,pri,517,19
stizati,prestizati,pre,184,2
ležati,preležati,pre,175,1
veličati,uveličati,u,3,9
dirati,izdirati,iz,9,19
tovariti,utovariti,u,2,5
gnječiti,prignječiti,pri,2,18
usmeriti,preusmeriti,pre,101,21
okretati,zaokretati,za,54,2
plivati,doplivati,do,21,18
temeljiti,utemeljiti,u,5,3
leteti,saleteti,sa,3,18
tutnjati,protutnjati,pro,34,1
tkati,utkati,u,1,4
liti,doliti,do,1,1
dirati,zadirati,za,9,9
tucati,natucati,na,48,18
nuti,sunuti,su,4,18
kupovati,nakupovati,na,165,18
trčati,zatrčati,za,16,18
mahnuti,izmahnuti,iz,2,18
svetiti,prosvetiti,pro,4,1
sećati,dosećati,do,80,18
testirati,protestirati,pro,100,18
ovladavati,preovladavati,pre,3,24
visiti,nadvisiti,nad,4,18
mrsiti,promrsiti,pro,2,18
šetati,ušetati,u,37,17
uživati,nauživati,na,624,1
taložiti,nataložiti,na,3,1
kazati,prokazati,pro,1983,17
svirati,prosvirati,pro,90,17
turati,proturati,pro,2,17
uzimati,izuzimati,iz,173,5
jebati,zajebati,za,1,17
lečiti,zalečiti,za,47,1
mucati,zamucati,za,188,17
buniti,zabuniti,za,7,17
patiti,zapatiti,za,13,17
upitati,priupitati,pri,33,1
peniti,zapeniti,za,23,17
taknuti,utaknuti,u,65,17
tabati,utabati,u,24,3
blagodariti,zablagodariti,za,67,17
postavljati,zapostavljati,za,386,4
peći,upeći,u,34,17
ploviti,doploviti,do,70,1
gledati,dogledati,do,392,17
secati,zasecati,za,1,2
stideti,zastideti,za,155,17
suditi,dosuditi,do,50,17
jesti,izjesti,iz,72,17
ustavljati,obustavljati,ob,10,10
brojati,odbrojati,od,68,17
živiti,uživiti,u,45,17
želeti,uželeti,u,2878,1
uzimati,poduzimati,pod,173,9
luditi,izluditi,iz,6,17
goreti,pregoreti,pre,1,1
blenuti,zablenuti,za,36,17
gasnuti,ugasnuti,u,23,17
skočiti,naskočiti,na,48,17
šunjati,prišunjati,pri,50,17
patiti,prepatiti,pre,13,17
uveličati,preuveličati,pre,9,17
huškati,nahuškati,na,9,1
općiti,saopćiti,sa,1,10
magarčiti,namagarčiti,na,14,16
krstariti,prokrstariti,pro,8,1
venuti,provenuti,pro,38,16
iskriti,zaiskriti,za,23,16
mahati,zamahati,za,2,16
ćaskati,proćaskati,pro,3,1
dvoriti,dodvoriti,do,69,2
rušiti,urušiti,u,17,6
mamiti,domamiti,do,1,16
faliti,zafaliti,za,23,16
pasati,napasati,na,1,16
lučiti,ulučiti,u,6,16
gađati,ugađati,u,10,16
ići,uzići,uz,644,16
brisati,ubrisati,u,68,16
dojiti,zadojiti,za,1,16
ridati,zaridati,za,36,16
jaloviti,izjaloviti,iz,8,16
vibrirati,zavibrirati,za,4,16
ovladati,preovladati,pre,27,1
nagliti,prenagliti,pre,6,16
mrcvariti,izmrcvariti,iz,17,16
rezati,podrezati,pod,1,16
okrenuti,izokrenuti,iz,80,16
kockati,prokockati,pro,2,16
parirati,preparirati,pre,14,1
trpiti,pretrpiti,pre,5,3
drešiti,razdrešiti,raz,16,15
žderati,prožderati,pro,47,15
pevati,propevati,pro,62,15
meškoljiti,promeškoljiti,pro,35,15
curiti,procuriti,pro,4,3
luditi,zaluditi,za,6,15
borati,izborati,iz,71,15
škiljiti,zaškiljiti,za,17,15
lagati,prilagati,pri,10,17
pomenuti,pripomenuti,pri,132,15
praviti,pripraviti,pri,255,2
vezati,obvezati,ob,26,4
bolovati,odbolovati,od,11,1
negovati,odnegovati,od,118,15
grejati,podgrejati,pod,15,2
kipeti,prekipeti,pre,8,15
množiti,namnožiti,na,5,15
patiti,napatiti,na,13,15
kapirati,ukapirati,u,1,15
ticati,naticati,na,471,15
piškiti,upiškiti,u,48,15
gasiti,zagasiti,za,6,1
kaniti,nakaniti,na,37,15
lickati,nalickati,na,8,15
popiti,zapopiti,za,13,15
turiti,naturiti,na,62,1
svetliti,zasvetliti,za,160,15
meriti,razmeriti,raz,121,2
vikati,izvikati,iz,5,15
lagati,razlagati,raz,10,2
strujiti,prostrujiti,pro,99,14
mekšati,umekšati,u,13,14
rastati,zarastati,za,20,14
brundati,zabrundati,za,23,14
kretati,zakretati,za,363,4
lizati,zalizati,za,1,14
sejati,zasejati,za,5,1
laknuti,odlaknuti,od,2,14
metati,izmetati,iz,1,14
vežbati,izvežbati,iz,44,14
vesti,podvesti,pod,11,14
kopati,prekopati,pre,11,14
raditi,preraditi,pre,4247,19
računati,preračunati,pre,427,2
slikati,preslikati,pre,18,14
uveličavati,preuveličavati,pre,1,14
spavati,prospavati,pro,356,14
stenjati,prostenjati,pro,111,14
mašiti,domašiti,do,1,14
birati,ubirati,u,297,3
mlatiti,umlatiti,u,1,14
kriviti,zakriviti,za,17,14
gruvati,ugruvati,u,12,14
hraniti,uhraniti,u,29,14
seći,naseći,na,2,14
kucati,ukucati,u,7,2
tjerati,natjerati,na,10,11
sloviti,usloviti,u,2,37
odenuti,zaodenuti,za,1,14
kloniti,sakloniti,sa,4,14
voziti,uvoziti,u,137,12
vrebati,uvrebati,u,10,14
rešavati,razrešavati,raz,175,11
laziti,uzlaziti,uz,1,13
mrskati,razmrskati,raz,19,13
mahati,razmahati,raz,2,1
levati,razlevati,raz,42,13
igrati,razigrati,raz,607,7
davati,razdavati,raz,791,13
ukrštati,izukrštati,iz,11,13
seći,proseći,pro,2,13
kopati,prokopati,pro,11,13
boraviti,proboraviti,pro,346,13
štedeti,prištedeti,pri,2,13
grabiti,prigrabiti,pri,3,4
živjeti,preživjeti,pre,41,19
znojiti,preznojiti,pre,254,13
staviti,prestaviti,pre,357,2
slušati,preslušati,pre,222,2
sipati,presipati,pre,23,13
rediti,razrediti,raz,20,2
učestvovati,saučestvovati,sa,1674,6
vrstati,razvrstati,raz,8,7
udariti,podudariti,pod,36,1
mazati,podmazati,pod,1,2
lomiti,odlomiti,od,7,13
voziti,odvoziti,od,137,6
nakaziti,iznakaziti,iz,8,13
slušati,odslušati,od,222,1
lepiti,izlepiti,iz,9,1
tješiti,utješiti,u,6,13
treskati,zatreskati,za,1,13
huktati,zahuktati,za,45,3
letati,doletati,do,5,13
imati,doimati,do,11939,2
živeti,uživeti,u,1216,13
padati,prepadati,pre,106,13
meriti,premeriti,pre,121,13
vikati,nadvikati,nad,5,13
sladiti,nasladiti,na,1,13
cakliti,zacakliti,za,1,13
valjati,uvaljati,u,36,1
škrabati,naškrabati,na,12,13
moliti,umoliti,u,13,1
ciljati,naciljati,na,14,13
gurati,nagurati,na,25,13
ceniti,uceniti,u,27,13
ceriti,naceriti,na,50,13
ružiti,naružiti,na,13,13
kidati,zakidati,za,2,13
pomoći,pripomoći,pri,1279,2
trnuti,protrnuti,pro,52,12
viđati,previđati,pre,36,9
računiti,proračuniti,pro,2,12
metati,prometati,pro,1,12
mrljati,zamrljati,za,16,12
žeti,užeti,u,1995,12
grnuti,zagrnuti,za,8,12
crniti,zacrniti,za,34,12
sedati,usedati,u,2,12
teći,nateći,na,92,12
platiti,uplatiti,u,276,79
sesti,usesti,u,1,12
puderisati,napuderisati,na,1,12
delovati,sudelovati,su,416,3
motati,namotati,na,1,12
prsnuti,naprsnuti,na,283,12
cvrkutati,zacvrkutati,za,40,12
pešačiti,prepešačiti,pre,9,1
naglasiti,prenaglasiti,pre,709,12
maštati,izmaštati,iz,14,2
gurati,odgurati,od,25,12
vetriti,izvetriti,iz,1,12
rastati,izrastati,iz,20,1
ranjaviti,izranjaviti,iz,5,12
čuti,dočuti,do,517,12
derati,izderati,iz,245,1
zvečati,zazvečati,za,26,12
vrištati,zavrištati,za,1,12
svetlucati,zasvetlucati,za,3,12
stiditi,zastiditi,za,7,12
rezati,zarezati,za,1,12
oštriti,zaoštriti,za,28,3
mrziti,zamrziti,za,14,12
liti,podliti,pod,1,11
ceniti,preceniti,pre,27,1
tkati,pretkati,pre,1,11
zdraviti,prezdraviti,pre,136,11
kratiti,prikratiti,pri,1,11
gegati,odgegati,od,42,11
lizati,oblizati,ob,1,11
glačati,izglačati,iz,1,11
oružati,oboružati,ob,11,11
škripiti,zaškripiti,za,102,2
ljubiti,obljubiti,ob,8,1
lepiti,oblepiti,ob,9,11
pržiti,zapržiti,za,12,11
prečiti,zaprečiti,za,22,11
močiti,zamočiti,za,20,11
komplikovati,zakomplikovati,za,12,3
ribati,izribati,iz,1,11
šetati,odšetati,od,37,1
lokati,izlokati,iz,16,11
recitovati,odrecitovati,od,6,11
goniti,odgoniti,od,10,11
osećati,saosećati,sa,480,6
odenuti,razodenuti,raz,1,11
hvatati,dohvatati,do,12,11
krijumčariti,prokrijumčariti,pro,8,11
ključati,proključati,pro,2,1
stojati,pristojati,pri,32,11
mahnuti,razmahnuti,raz,2,1
dati,razdati,raz,1431,11
vjeriti,provjeriti,pro,30,174
tkati,protkati,pro,1,11
sediti,prosediti,pro,39,11
rotiti,urotiti,u,26,1
turati,naturati,na,2,1
kvasiti,ukvasiti,u,62,11
glancati,uglancati,u,1,11
mračiti,namračiti,na,29,11
legati,nalegati,na,4,11
kazati,nakazati,na,1983,1
kalemiti,nakalemiti,na,13,11
hvaliti,nahvaliti,na,11,1
goreti,zagoreti,za,1,11
brojiti,ubrojiti,u,40,11
imati,zaimati,za,11939,11
hrkati,zahrkati,za,74,11
hladiti,zahladiti,za,10,11
prostiti,uprostiti,u,17,11
tiskati,utiskati,u,115,11
vrdati,izvrdati,iz,14,1
rešetati,izrešetati,iz,9,10
tužiti,dotužiti,do,33,10
stajati,dostajati,do,397,10
brusiti,izbrusiti,iz,3,1
batinati,izbatinati,iz,54,10
tamniti,zatamniti,za,219,10
skičati,zaskičati,za,13,10
rediti,zarediti,za,20,10
peći,zapeći,za,34,2
ogrtati,zaogrtati,za,11,10
odevati,zaodevati,za,59,10
žeći,sažeći,sa,36,10
strugati,sastrugati,sa,61,10
uveravati,razuveravati,raz,14,10
očaravati,razočaravati,raz,4,10
sedati,prosedati,pro,2,10
plakati,proplakati,pro,15,10
birati,probirati,pro,297,10
tkati,pritkati,pri,1,10
stavljati,ustavljati,u,221,10
veriti,uzveriti,uz,1,10
beleti,zabeleti,za,2,10
duvati,zaduvati,za,13,10
seći,podseći,pod,2,2
domišljati,predomišljati,pre,16,10
čuti,prečuti,pre,517,1
meriti,primeriti,pri,121,1
cvokotati,zacvokotati,za,1,10
glasati,nadglasati,nad,131,10
vrbovati,zavrbovati,za,3,10
močiti,namočiti,na,20,1
ganuti,uganuti,u,2,1
sititi,nasititi,na,18,1
mastiti,umastiti,u,11,10
prazniti,uprazniti,u,241,10
kolutati,zakolutati,za,1,10
kotrljati,zakotrljati,za,3,10
kreštati,zakreštati,za,47,10
mjeriti,zamjeriti,za,7,1
tovariti,pretovariti,pre,2,9
stavljati,prestavljati,pre,221,3
krojiti,prekrojiti,pre,2,9
goniti,pregoniti,pre,10,9
mekšati,razmekšati,raz,13,9
grabiti,razgrabiti,raz,3,9
krvariti,prokrvariti,pro,6,1
kisnuti,prokisnuti,pro,11,9
venčati,privenčati,pri,9,9
stavljati,pristavljati,pri,221,9
mamiti,primamiti,pri,1,1
daviti,pridaviti,pri,12,9
žvrljati,nažvrljati,na,1,9
turiti,uturiti,u,62,9
napredovati,uznapredovati,uz,174,2
vitlati,uzvitlati,uz,121,9
dimiti,zadimiti,za,88,9
sladiti,zasladiti,za,1,6
lagati,oblagati,ob,10,4
škrgutati,zaškrgutati,za,30,9
reći,ureći,u,2822,2
resiti,uresiti,u,1,9
okruživati,zaokruživati,za,37,15
koričiti,ukoričiti,u,8,9
oblačiti,naoblačiti,na,9,9
moliti,namoliti,na,13,9
micati,namicati,na,1,9
beliti,nabeliti,na,1,9
deliti,izdeliti,iz,227,9
vijati,obvijati,ob,2,9
skakutati,doskakutati,do,166,9
letati,odletati,od,5,2
sanjati,odsanjati,od,35,9
mlatiti,izmlatiti,iz,1,9
voziti,izvoziti,iz,137,31
govoriti,podgovoriti,pod,1638,9
mrdati,razmrdati,raz,3,2
žvakati,sažvakati,sa,2,9
vređati,izvređati,iz,19,9
napiti,podnapiti,pod,3,9
gutati,nagutati,na,2,9
mrviti,izmrviti,iz,72,9
uhvatiti,poduhvatiti,pod,79,6
pustiti,pripustiti,pri,126,8
čeprkati,pročeprkati,pro,63,8
graditi,razgraditi,raz,368,5
lupati,razlupati,raz,1,8
ložiti,razložiti,raz,1,4
baviti,probaviti,pro,1469,1
cijeniti,procijeniti,pro,10,7
goreti,progoreti,pro,1,8
studirati,prostudirati,pro,131,2
prodati,preprodati,pre,159,2
grnuti,prigrnuti,pri,8,8
pitati,pripitati,pri,268,8
vidati,zavidati,za,60,8
svetleti,zasvetleti,za,4,8
pištati,zapištati,za,53,8
piljiti,zapiljiti,za,205,8
pakovati,zapakovati,za,33,8
njištati,zanjištati,za,19,8
kovitlati,zakovitlati,za,51,8
jaukati,zajaukati,za,82,8
crtati,zacrtati,za,21,6
bleštiti,zableštiti,za,43,8
letiti,doletiti,do,22,8
goniti,dogoniti,do,10,8
šivati,ušivati,u,3,1
peći,prepeći,pre,34,8
mašiti,premašiti,pre,1,42
kucati,prekucati,pre,7,8
komandovati,prekomandovati,pre,13,8
secati,podsecati,pod,1,2
šmrknuti,ušmrknuti,u,15,8
vidati,izvidati,iz,60,8
rovati,izrovati,iz,16,8
opštiti,izopštiti,iz,30,8
učiti,odučiti,od,238,8
umirati,odumirati,od,31,1
masirati,izmasirati,iz,6,8
turati,doturati,do,2,8
glancati,izglancati,iz,1,1
rubiti,obrubiti,ob,5,8
živeti,zaživeti,za,1216,13
žmirkati,zažmirkati,za,149,8
rastati,dorastati,do,20,8
vredeti,zavredeti,za,13,8
šeprtljati,ušeprtljati,u,12,8
vlažiti,navlažiti,na,2,6
vrteti,uzvrteti,uz,12,8
đubriti,nađubriti,na,1,8
siriti,usiriti,u,6,8
trljati,natrljati,na,2,8
raniti,uraniti,u,5,8
vikati,navikati,na,5,8
militi,umiliti,u,41,8
krcati,nakrcati,na,8,8
kreveljiti,nakreveljiti,na,39,8
marširati,umarširati,u,13,8
igrati,nadigrati,nad,607,3
buljiti,izbuljiti,iz,1,7
žeći,zažeći,za,36,7
beliti,izbeliti,iz,1,7
prijeti,doprijeti,do,3,2
kvariti,ukvariti,u,4,7
sapunjati,nasapunjati,na,9,7
prskati,uprskati,u,2,7
računati,uračunati,u,427,13
secati,usecati,u,1,7
zidati,nazidati,na,3,7
sitniti,usitniti,u,1,3
smrdeti,usmrdeti,u,1,7
čitati,načitati,na,154,7
žuljati,nažuljati,na,1,7
trpati,utrpati,u,1,7
veseliti,uveseliti,u,1,7
mutiti,uzmutiti,uz,6,7
vinuti,uzvinuti,uz,83,7
cvrčati,zacvrčati,za,37,7
drmati,zadrmati,za,3,7
govoriti,zagovoriti,za,1638,7
graditi,zagraditi,za,368,7
metati,dometati,do,1,7
jemčiti,zajemčiti,za,2,1
misliti,domisliti,do,921,1
kukurikati,zakukurikati,za,29,7
lelujati,zalelujati,za,79,1
penušati,zapenušati,za,8,7
pevušiti,zapevušiti,za,1,7
ređati,zaređati,za,5,7
senčiti,zasenčiti,za,13,7
igrati,obigrati,ob,607,7
kljukati,nakljukati,na,1,7
debljati,udebljati,u,10,7
jahati,ujahati,u,568,7
rumeniti,narumeniti,na,2,7
birati,razbirati,raz,297,7
šištati,prošištati,pro,33,7
češljati,pročešljati,pro,133,7
tutnjiti,protutnjiti,pro,1,7
secati,prosecati,pro,1,7
njuškati,pronjuškati,pro,1,7
nicati,pronicati,pro,7,7
mašati,promašati,pro,10,7
disati,prodisati,pro,31,7
diskutovati,prodiskutovati,pro,112,4
cvrkutati,procvrkutati,pro,40,7
šivati,prišivati,pri,3,7
peći,pripeći,pri,34,7
gledati,prigledati,pri,392,7
doći,pridoći,pri,2342,7
dodavati,pridodavati,pri,226,1
stupiti,prestupiti,pre,154,7
sedati,presedati,pre,2,2
platiti,preplatiti,pre,276,7
otimati,preotimati,pre,5,7
čitati,dočitati,do,154,7
riti,podriti,pod,75,3
buniti,podbuniti,pod,7,7
javiti,odjaviti,od,165,26
viđati,izviđati,iz,36,7
uvijati,izuvijati,iz,2,7
riti,izriti,iz,75,7
puniti,sapuniti,sa,27,1
gnjiti,sagnjiti,sa,16,7
videti,razvideti,raz,1518,7
rovati,razrovati,raz,16,7
graničiti,razgraničiti,raz,21,2
uživati,oduživati,od,624,7
slikati,odslikati,od,18,7
skakutati,odskakutati,od,166,7
šunjati,došunjati,do,50,7
masakrirati,izmasakrirati,iz,1,7
momčiti,zamomčiti,za,78,6
lomiti,zalomiti,za,7,1
maskirati,zamaskirati,za,3,4
brujati,zabrujati,za,1,1
brazditi,zabrazditi,za,19,6
kotrljati,dokotrljati,do,3,6
ličiti,zaličiti,za,51,6
kričati,zakričati,za,32,6
jamčiti,zajamčiti,za,22,4
groktati,zagroktati,za,8,6
graktati,zagraktati,za,26,6
opštiti,uopštiti,u,30,6
slijediti,naslijediti,na,95,4
kovrdžati,ukovrdžati,u,13,6
rezati,narezati,na,1,1
kiseliti,ukiseliti,u,1,6
razgovarati,narazgovarati,na,835,6
pjev,napjev,na,12,6
buđati,ubuđati,u,6,6
kačiti,nakačiti,na,1,6
goreti,nagoreti,na,1,1
gnječiti,nagnječiti,na,2,6
štaviti,uštaviti,u,5,6
tovar,utovar,u,129,6
tapkati,utapkati,u,2,1
saglasiti,usaglasiti,u,90,26
predati,upredati,u,160,6
pajati,zapajati,za,7,6
posedati,zaposedati,za,64,2
prašiti,zaprašiti,za,2,6
redati,zaredati,za,1,6
svrbeti,zasvrbeti,za,30,6
uzdavati,zauzdavati,za,26,6
veslati,zaveslati,za,74,6
puzati,dopuzati,do,1,6
vijoriti,zavijoriti,za,74,6
zveckati,zazveckati,za,51,6
bičevati,izbičevati,iz,38,6
reći,doreći,do,2822,6
raniti,obraniti,ob,5,1
drkati,izdrkati,iz,8,6
glasati,izglasati,iz,131,14
gnjaviti,izgnjaviti,iz,1,6
goniti,izgoniti,iz,10,6
grnuti,odgrnuti,od,8,6
teći,doteći,do,92,6
reagovati,odreagovati,od,236,3
živjeti,doživjeti,do,41,14
opijati,izopijati,iz,3,6
redati,izredati,iz,1,6
vedriti,izvedriti,iz,1,6
baciti,podbaciti,pod,55,1
jariti,podjariti,pod,16,6
gurati,pregurati,pre,25,2
kaliti,prekaliti,pre,1,6
oblikovati,preoblikovati,pre,93,7
okretati,preokretati,pre,54,6
savijati,presavijati,pre,4,6
testerisati,pretesterisati,pre,7,6
uraniti,preuraniti,pre,8,6
uređivati,preuređivati,pre,186,6
dobijati,pridobijati,pri,738,3
dolaziti,pridolaziti,pri,1044,6
igrati,proigrati,pro,607,6
kazivati,prokazivati,pro,3,6
pištati,propištati,pro,53,6
rešetati,prorešetati,pro,9,6
vodati,provodati,pro,19,6
šišati,prošišati,pro,5,6
živjeti,proživjeti,pro,41,1
juriti,razjuriti,raz,14,6
listati,razlistati,raz,11,6
odevati,razodevati,raz,59,6
umiti,razumiti,raz,4,2
lomiti,salomiti,sa,7,6
prezati,uprezati,u,3,5
skladištiti,uskladištiti,u,13,3
soliti,usoliti,u,2,5
tucati,utucati,u,48,5
gegati,dogegati,do,42,5
batrgati,zabatrgati,za,2,5
belasati,zabelasati,za,1,5
videti,provideti,pro,1518,5
dužiti,razdužiti,raz,6,5
duvati,razduvati,raz,13,5
rezati,razrezati,raz,1,5
mariti,samariti,sa,6,5
vonjati,zavonjati,za,55,5
zvrjati,zazvrjati,za,16,5
zoriti,zazoriti,za,71,5
šivati,zašivati,za,3,1
krpati,zakrpati,za,1,5
krvariti,zakrvariti,za,6,5
klatiti,zaklatiti,za,2,5
beliti,zabeliti,za,1,5
šuškati,zašuškati,za,68,5
drobiti,izdrobiti,iz,1,5
mamiti,odmamiti,od,1,5
miti,izmiti,iz,3,5
ložiti,podložiti,pod,1,5
rovati,podrovati,pod,16,5
defilovati,prodefilovati,pro,16,5
drmusati,prodrmusati,pro,51,5
zidati,dozidati,do,3,5
nicati,iznicati,iz,7,5
varati,izvarati,iz,14,5
lokati,podlokati,pod,16,5
fućkati,profućkati,pro,26,5
tutnjiti,zatutnjiti,za,1,5
toptati,zatoptati,za,7,5
svoditi,zasvoditi,za,51,5
mastiti,zamastiti,za,11,5
mrzeti,zamrzeti,za,6,5
pljuštati,zapljuštati,za,2,5
puštati,zapuštati,za,43,5
tegliti,protegliti,pro,61,5
rezati,prorezati,pro,1,5
listati,prolistati,pro,11,1
knjižiti,proknjižiti,pro,3,1
vajati,podvajati,pod,15,5
vezati,podvezati,pod,26,5
voditi,podvoditi,pod,1418,2
brisati,prebrisati,pre,68,5
farbati,prefarbati,pre,4,1
grejati,pregrejati,pre,15,1
imenovati,preimenovati,pre,102,8
kapati,prekapati,pre,197,5
oblačiti,preoblačiti,pre,9,5
riti,preriti,pre,75,5
spojiti,prespojiti,pre,75,5
udesiti,preudesiti,pre,2,5
učiti,preučiti,pre,238,5
vaspitati,prevaspitati,pre,1,5
kucati,prikucati,pri,7,1
skakati,priskakati,pri,6,5
običavati,uobičavati,u,85,5
obručiti,uobručiti,u,6,5
pišati,upišati,u,1,5
pljuvati,upljuvati,u,1,5
bediti,nabediti,na,12,5
bubriti,nabubriti,na,24,4
lepiti,nalepiti,na,9,4
ljubiti,naljubiti,na,8,5
mlatiti,namlatiti,na,1,5
plaviti,naplaviti,na,4,5
fitiljiti,ufitiljiti,u,11,5
gnjaviti,ugnjaviti,u,1,1
putovati,naputovati,na,235,5
kalupiti,ukalupiti,u,1,1
kovati,ukovati,u,2,5
kresati,ukresati,u,1,5
ljuljati,uljuljati,u,8,5
metati,umetati,u,1,3
miješati,umiješati,u,7,2
smijati,nasmijati,na,1,1
