base_verb,prefixed_verb,prefix,freq_base,freq_base,freq_prefixed,freq_prefixed
gledati,izgledati,iz,11256,135464,6998,7303
činiti,učiniti,u,8487,44291,6550,7384
pitati,upitati,u,6008,18292,5950,11933
govoriti,odgovoriti,od,13834,139978,5764,6140
laziti,nalaziti,na,11,111,4753,17813
laziti,dolaziti,do,11,111,4696,10436
staviti,nastaviti,na,2536,15573,3818,5081
gubiti,izgubiti,iz,1750,3665,3386,3750
biti,dobiti,do,187140,2256517,3333,12439
laziti,odlaziti,od,11,111,2864,3027
boraviti,zaboraviti,za,356,1058,2814,3028
laziti,prolaziti,pro,11,111,2682,2957
vršiti,završiti,za,552,3530,2594,3404
stati,ustati,u,4131,24927,2402,4839
dati,dodati,do,5896,54495,2330,5553
naći,pronaći,pro,6553,13922,2303,3329
praviti,napraviti,na,1783,7387,2289,3106
goditi,dogoditi,do,115,464,2288,2546
lučiti,odlučiti,od,38,120,2276,2962
ustaviti,zaustaviti,za,40,120,2274,2447
gledati,ugledati,u,11256,135464,2252,2300
znati,saznati,sa,29986,91605,2197,2766
laziti,izlaziti,iz,11,111,2166,4542
raditi,uraditi,u,7532,64503,2135,2831
biti,ubiti,u,187140,2256517,2131,2223
tvoriti,zatvoriti,za,46,140,2107,2239
misliti,zamisliti,za,11168,79097,2095,2251
stati,prestati,pre,4131,24927,1891,2108
pisati,napisati,na,3704,26386,1845,2077
vući,izvući,iz,1348,14834,1806,1835
čitati,pročitati,pro,2974,9076,1772,2056
vesti,provesti,pro,48,539,1743,2021
ići,izići,iz,9434,57248,1736,3478
buditi,probuditi,pro,475,1579,1711,1778
vratiti,odvratiti,od,7699,23788,1702,1716
kinuti,prekinuti,pre,25,50,1684,1791
pustiti,napustiti,na,2341,16513,1675,1902
držati,zadržati,za,5942,30029,1670,1907
znati,priznati,pri,29986,91605,1618,1831
laziti,ulaziti,u,11,111,1616,1858
učiti,naučiti,na,1173,8449,1590,1990
miti,primiti,pri,346,1041,1585,2011
vesti,dovesti,do,48,539,1565,2203
padati,pripadati,pri,2594,18264,1478,1881
putiti,uputiti,u,40,80,1475,1999
vesti,odvesti,od,48,539,1464,1525
veriti,uveriti,u,100,401,1450,3013
stati,zastati,za,4131,24927,1432,1450
stavljati,nastavljati,na,934,5825,1403,1788
viknuti,uzviknuti,uz,897,5382,1290,1295
imati,uzimati,uz,29631,130463,1280,9133
tvoriti,pretvoriti,pre,46,140,1232,1366
teći,zateći,za,826,5048,1211,1252
smejati,nasmejati,na,1791,3584,1194,1211
rediti,odrediti,od,20,200,1177,1468
dati,predati,pre,5896,54495,1154,2468
laziti,prelaziti,pre,11,111,1144,1307
čekati,sačekati,sa,5720,17508,1140,1185
čuti,začuti,za,10341,62563,1117,1118
ići,naići,na,9434,57248,1108,1200
gađati,događati,do,236,954,1090,1178
stojati,nastojati,na,36,140,1080,1269
nositi,donositi,do,4409,57916,1080,1681
gledati,zagledati,za,11256,135464,1072,1076
plašiti,uplašiti,u,1454,4443,1061,1073
govoriti,izgovoriti,iz,13834,139978,1057,1101
rediti,narediti,na,20,200,1047,1096
bediti,ubediti,u,12,24,1018,1059
viknuti,naviknuti,na,897,5382,995,995
stati,nastati,na,4131,24927,984,1554
bližiti,približiti,pri,116,122,982,1079
pitati,zapitati,za,6008,18292,947,984
uzeti,obuzeti,ob,4077,24680,937,942
čekati,dočekati,do,5720,17508,904,970
miriti,umiriti,u,265,1330,884,893
voditi,provoditi,pro,5046,56924,883,1052
vaditi,izvaditi,iz,419,855,880,927
moliti,zamoliti,za,2871,14368,878,918
nositi,odnositi,od,4409,57916,874,1946
biti,odbiti,od,187140,2256517,861,1034
pustiti,dopustiti,do,2341,16513,855,912
sećati,podsećati,pod,2475,7505,854,1086
vesti,izvesti,iz,48,539,842,1880
početi,započeti,za,11654,12944,829,1259
čuvati,sačuvati,sa,1335,3053,770,990
mati,primati,pri,1353,1360,761,976
kazati,ukazati,u,16617,101685,760,1320
činiti,načiniti,na,8487,44291,748,775
mrmljati,promrmljati,pro,486,487,747,747
zvati,nazvati,na,3963,24025,746,845
uzeti,zauzeti,za,4077,24680,742,833
dati,udati,u,5896,54495,739,1505
ljubiti,zaljubiti,za,1005,5033,734,759
govoriti,progovoriti,pro,13834,139978,731,756
dužiti,produžiti,pro,41,170,729,812
grliti,zagrliti,za,360,1082,706,711
gasiti,ugasiti,u,419,844,701,719
držati,izdržati,iz,5942,30029,701,760
stajati,ustajati,u,6069,48949,700,1412
tražiti,zatražiti,za,5990,13066,685,1050
vršiti,izvršiti,iz,552,3530,679,1140
ustavljati,zaustavljati,za,10,30,673,697
laziti,prilaziti,pri,11,111,673,705
pustiti,prepustiti,pre,2341,16513,672,749
variti,prevariti,pre,27,35,670,682
vesti,navesti,na,48,539,667,1447
likovati,razlikovati,raz,133,665,667,953
terati,naterati,na,632,4451,666,721
javiti,objaviti,ob,1382,8457,665,1345
ništiti,uništiti,u,6,6,658,705
učiti,obučiti,ob,1173,8449,645,676
titi,pretiti,pre,8,10,644,2022
stati,pristati,pri,4131,24927,642,688
čuditi,začuditi,za,622,1275,636,641
tvrditi,utvrditi,u,1852,2244,630,1073
paliti,zapaliti,za,335,1055,620,643
paliti,upaliti,u,335,1055,617,632
stajati,prestajati,pre,6069,48949,609,674
davati,dodavati,do,2395,22346,604,1434
dati,prodati,pro,5896,54495,602,1363
dahnuti,uzdahnuti,uz,22,88,601,601
padati,dopadati,do,2594,18264,601,629
vratiti,uzvratiti,uz,7699,23788,600,630
suditi,usuditi,u,750,3050,599,621
vući,privući,pri,1348,14834,586,744
biti,izbiti,iz,187140,2256517,585,605
ložiti,izložiti,iz,97,874,582,641
smešiti,nasmešiti,na,446,447,581,586
opštiti,saopštiti,sa,30,90,580,907
veriti,proveriti,pro,100,401,579,770
misliti,razmisliti,raz,11168,79097,567,654
puštati,napuštati,na,786,4759,562,606
misliti,izmisliti,iz,11168,79097,557,567
davati,prodavati,pro,2395,22346,557,1373
nositi,podnositi,pod,4409,57916,549,689
ući,obući,ob,4399,4995,546,1100
voditi,dovoditi,do,5046,56924,543,866
vući,uvući,u,1348,14834,541,541
vesti,uvesti,u,48,539,540,788
mešati,umešati,u,717,2200,540,555
puštati,dopuštati,do,786,4759,530,567
davati,predavati,pre,2395,22346,523,622
biti,razbiti,raz,187140,2256517,517,537
družiti,pridružiti,pri,194,455,510,813
baciti,prebaciti,pre,2546,20423,507,591
javiti,izjaviti,iz,1382,8457,504,1128
znati,doznati,do,29986,91605,504,518
visiti,zavisiti,za,1019,3061,496,916
kazati,dokazati,do,16617,101685,495,642
baciti,izbaciti,iz,2546,20423,488,519
gutati,progutati,pro,368,738,488,501
staviti,sastaviti,sa,2536,15573,484,543
dirnuti,dodirnuti,do,234,241,477,501
baciti,odbaciti,od,2546,20423,477,555
kidati,prekidati,pre,250,752,477,501
puniti,napuniti,na,347,1415,474,525
ustati,odustati,od,2402,4839,473,582
tisnuti,pritisnuti,pri,7,14,472,500
mahnuti,odmahnuti,od,289,869,469,469
pustiti,propustiti,pro,2341,16513,466,591
vladati,savladati,sa,920,3747,465,581
kazivati,ukazivati,u,567,2838,465,955
voditi,navoditi,na,5046,56924,456,1342
dati,izdati,iz,5896,54495,448,660
živeti,doživeti,do,2266,17078,447,650
štititi,zaštititi,za,335,585,447,606
vrediti,uvrediti,u,558,623,444,449
uzeti,preuzeti,pre,4077,24680,443,959
slutiti,naslutiti,na,528,536,442,446
hvatati,prihvatati,pri,984,3948,438,630
pasti,napasti,na,3900,19608,438,517
nositi,prenositi,pre,4409,57916,436,716
igrati,odigrati,od,2814,20305,436,580
putiti,zaputiti,za,40,80,435,446
poznavati,prepoznavati,pre,2760,5674,435,549
tonuti,utonuti,u,318,319,435,438
vesti,prevesti,pre,48,539,434,486
taknuti,dotaknuti,do,65,195,434,436
pasti,upasti,u,3900,19608,432,511
paziti,zapaziti,za,1113,2254,430,442
krasti,ukrasti,u,330,330,429,429
uzeti,oduzeti,od,4077,24680,426,496
gledati,pregledati,pre,11256,135464,425,563
govoriti,dogovoriti,do,13834,139978,407,521
reći,odreći,od,32340,196862,406,440
viti,razviti,raz,221,2431,405,767
ići,obići,ob,9434,57248,405,980
vijati,odvijati,od,60,722,404,710
hraniti,sahraniti,sa,406,1653,393,399
setiti,podsetiti,pod,1605,4866,385,675
dizati,uzdizati,uz,958,3840,385,406
vajati,odvajati,od,15,45,382,415
kočiti,ukočiti,u,95,200,382,383
stojati,sastojati,sa,36,140,379,996
stajati,pristajati,pri,6069,48949,374,392
vući,navući,na,1348,14834,373,375
kloniti,ukloniti,u,68,344,370,589
braniti,zabraniti,za,1090,2279,369,404
vući,zavući,za,1348,14834,368,368
risati,obrisati,ob,6,6,366,409
puštati,prepuštati,pre,786,4759,364,376
rediti,urediti,u,20,200,364,852
nositi,iznositi,iz,4409,57916,363,1056
buditi,uzbuditi,uz,475,1579,360,360
hvaliti,zahvaliti,za,365,741,359,659
nositi,unositi,u,4409,57916,356,456
siliti,prisiliti,pri,32,40,355,365
ostati,preostati,pre,11461,35199,354,357
baciti,ubaciti,u,2546,20423,353,397
ložiti,odložiti,od,97,874,348,397
kazati,prikazati,pri,16617,101685,348,642
uzimati,obuzimati,ob,1280,9133,348,350
maknuti,odmaknuti,od,233,1864,347,348
viknuti,doviknuti,do,897,5382,345,346
voditi,izvoditi,iz,5046,56924,344,949
držati,uzdržati,uz,5942,30029,340,358
pisati,upisati,u,3704,26386,340,483
očarati,razočarati,raz,116,130,339,348
dirati,prodirati,pro,285,1149,337,343
baviti,nabaviti,na,1006,7505,329,445
javiti,prijaviti,pri,1382,8457,329,947
stajati,zastajati,za,6069,48949,328,333
reći,izreći,iz,32340,196862,328,363
davati,izdavati,iz,2395,22346,327,477
plakati,zaplakati,za,1782,3579,323,323
biti,probiti,pro,187140,2256517,317,341
kazivati,prikazivati,pri,567,2838,316,776
slušati,saslušati,sa,4092,16590,315,347
stajati,nastajati,na,6069,48949,314,520
setiti,prisetiti,pri,1605,4866,311,321
nuditi,prinuditi,pri,712,2716,308,310
vući,odvući,od,1348,14834,307,310
seći,preseći,pre,246,1970,307,310
morati,primorati,pri,15467,18889,306,320
gurnuti,odgurnuti,od,589,598,303,306
moriti,odmoriti,od,149,747,302,325
maknuti,primaknuti,pri,233,1864,301,301
mrštiti,namrštiti,na,147,147,300,300
baciti,dobaciti,do,2546,20423,299,301
laziti,zalaziti,za,11,111,297,308
uzimati,zauzimati,za,1280,9133,295,456
vijati,razvijati,raz,60,722,292,922
kupiti,sakupiti,sa,1575,6695,291,332
živeti,preživeti,pre,2266,17078,289,443
pamtiti,zapamtiti,za,745,1573,289,326
seliti,preseliti,pre,108,550,288,342
disati,uzdisati,uz,784,3167,288,288
kazivati,dokazivati,do,567,2838,284,354
maknuti,izmaknuti,iz,233,1864,283,284
ćutati,ućutati,u,1851,5553,281,282
vršiti,dovršiti,do,552,3530,281,332
hapsiti,uhapsiti,u,55,64,279,302
krstiti,prekrstiti,pre,233,472,279,281
lagati,izlagati,iz,732,5866,278,392
glasiti,proglasiti,pro,290,1250,277,389
držati,sadržati,sa,5942,30029,276,1207
micati,odmicati,od,387,3097,275,284
vladati,zavladati,za,920,3747,274,282
ključati,zaključati,za,93,188,273,289
viđati,uviđati,u,680,2756,273,288
šaputati,prošaputati,pro,703,707,273,273
ticati,uticati,u,1501,10978,272,1121
ćutati,zaćutati,za,1851,5553,272,274
micati,izmicati,iz,387,3097,270,275
dahnuti,udahnuti,u,22,88,269,277
nalaziti,pronalaziti,pro,4753,17813,268,345
raditi,zaraditi,za,7532,64503,268,324
širiti,proširiti,pro,1168,1331,268,488
sticati,podsticati,pod,217,402,267,468
tumačiti,protumačiti,pro,339,412,266,277
meriti,odmeriti,od,155,1361,265,271
radovati,obradovati,ob,433,526,264,299
brisati,izbrisati,iz,492,1544,263,335
graditi,sagraditi,sa,543,4169,255,301
pisati,zapisati,za,3704,26386,254,276
graditi,izgraditi,iz,543,4169,254,557
padati,upadati,u,2594,18264,252,260
šetati,prošetati,pro,805,2452,252,278
ljutiti,naljutiti,na,529,1076,252,256
videti,uvideti,u,10954,78196,251,285
zvoniti,zazvoniti,za,370,745,249,257
živeti,proživeti,pro,2266,17078,249,260
trčati,dotrčati,do,1327,7978,248,250
juriti,odjuriti,od,730,3664,247,247
služiti,zaslužiti,za,1740,5663,247,279
slediti,uslediti,u,771,2533,246,401
spraviti,uspraviti,u,33,33,244,246
voleti,izvoleti,iz,2369,7590,243,244
viti,saviti,sa,221,2431,242,487
sretati,susretati,su,362,778,242,367
ostajati,preostajati,pre,1983,6402,242,266
tiskati,pritiskati,pri,115,230,240,241
gledati,sagledati,sa,11256,135464,239,350
drhtati,zadrhtati,za,983,1966,239,241
videti,zavideti,za,10954,78196,237,238
beležiti,zabeležiti,za,288,988,236,343
micati,promicati,pro,387,3097,233,241
stupiti,nastupiti,na,452,2866,228,357
padati,napadati,na,2594,18264,226,248
pamtiti,upamtiti,u,745,1573,226,228
nuti,prenuti,pre,7,18,226,227
vijati,savijati,sa,60,722,225,454
gledati,razgledati,raz,11256,135464,225,238
stati,sastati,sa,4131,24927,225,547
disati,udisati,u,784,3167,224,241
uhvatiti,obuhvatiti,ob,2470,5019,223,392
tešiti,utešiti,u,192,195,223,224
oružati,naoružati,na,11,33,223,226
goniti,progoniti,pro,484,3398,222,229
blažiti,ublažiti,u,84,85,221,258
voditi,prevoditi,pre,5046,56924,219,258
izvoditi,proizvoditi,pro,344,949,219,597
mucati,promucati,pro,188,376,218,218
robiti,zarobiti,za,9,10,218,229
desiti,udesiti,u,2247,4832,216,434
desiti,zadesiti,za,2247,4832,216,239
umiti,naumiti,na,186,562,214,217
ticati,doticati,do,1501,10978,214,232
stajati,sastajati,sa,6069,48949,213,242
sećati,prisećati,pri,2475,7505,213,242
kloniti,zakloniti,za,68,344,212,212
micati,primicati,pri,387,3097,212,215
saditi,dosaditi,do,41,214,211,220
počinjati,započinjati,za,1996,2464,209,308
goniti,nagoniti,na,484,3398,208,209
gušiti,ugušiti,u,409,1239,207,216
rediti,prirediti,pri,20,200,207,255
slaviti,proslaviti,pro,392,510,205,297
metati,nametati,na,125,1376,205,287
puštati,propuštati,pro,786,4759,205,225
turati,preturati,pre,26,106,203,204
razumevati,podrazumevati,pod,154,161,202,807
pasti,zapasti,za,3900,19608,202,218
činiti,sačiniti,sa,8487,44291,202,245
roniti,izroniti,iz,41,169,201,205
sporiti,usporiti,u,35,42,201,232
vraćati,uzvraćati,uz,2954,9115,199,201
teći,proteći,pro,826,5048,199,294
valiti,prevaliti,pre,29,261,198,201
žmuriti,zažmuriti,za,90,92,198,200
bledeti,prebledeti,pre,153,459,197,197
ići,razići,raz,9434,57248,197,206
motati,umotati,u,185,1111,194,195
slikati,naslikati,na,236,726,193,198
rezati,urezati,u,79,791,193,198
gušiti,prigušiti,pri,409,1239,192,195
glasiti,naglasiti,na,290,1250,192,1093
vesti,zavesti,za,48,539,191,197
grejati,zagrejati,za,183,747,191,201
ceniti,proceniti,pro,235,967,191,299
okupiti,zaokupiti,za,457,740,191,194
padati,propadati,pro,2594,18264,191,205
valiti,provaliti,pro,29,261,190,194
krasiti,ukrasiti,u,78,138,187,197
viriti,proviriti,pro,362,1811,187,187
skočiti,preskočiti,pre,982,6922,187,217
moriti,umoriti,u,149,747,186,191
miti,umiti,u,346,1041,186,562
riti,zariti,za,75,300,186,193
čekati,pričekati,pri,5720,17508,186,199
ložiti,uložiti,u,97,874,185,389
raditi,izraditi,iz,7532,64503,185,427
upreti,odupreti,od,164,328,184,193
nositi,zanositi,za,4409,57916,183,184
viti,uviti,u,221,2431,183,185
piti,napiti,na,1844,7435,182,367
plaviti,preplaviti,pre,101,206,181,188
kloniti,nakloniti,na,68,344,181,181
domisliti,predomisliti,pre,7,15,181,191
klanjati,zaklanjati,za,215,649,180,184
žeti,prožeti,pro,1995,5985,179,187
ticati,proticati,pro,1501,10978,178,208
nositi,prinositi,pri,4409,57916,177,362
trčati,pritrčati,pri,1327,7978,177,177
deliti,dodeliti,do,844,3603,177,282
uzdati,obuzdati,ob,142,571,177,186
maknuti,promaknuti,pro,233,1864,176,176
uzimati,oduzimati,od,1280,9133,175,216
seći,odseći,od,246,1970,175,178
javiti,najaviti,na,1382,8457,174,442
slediti,naslediti,na,771,2533,174,195
govoriti,nagovoriti,na,13834,139978,173,177
kovati,prikovati,pri,114,344,172,172
interesovati,zainteresovati,za,205,247,171,187
poručiti,preporučiti,pre,221,540,171,253
mešati,izmešati,iz,717,2200,171,179
ložiti,naložiti,na,97,874,170,195
moći,domoći,do,46606,110401,170,172
valiti,zavaliti,za,29,261,169,170
davati,pridavati,pri,2395,22346,167,207
boleti,razboleti,raz,630,1895,167,176
brzati,ubrzati,u,22,22,166,277
pustiti,upustiti,u,2341,16513,166,191
šiti,sušiti,su,120,481,166,521
pasti,pripasti,pri,3900,19608,165,222
dužiti,zadužiti,za,41,170,165,181
koračiti,zakoračiti,za,9,18,164,179
skakati,preskakati,pre,509,2042,164,166
vraćati,odvraćati,od,2954,9115,164,166
zvati,dozvati,do,3963,24025,163,166
ljubiti,priljubiti,pri,1005,5033,162,162
terati,doterati,do,632,4451,161,163
pevati,zapevati,za,1235,2532,161,162
seliti,naseliti,na,108,550,160,176
maknuti,umaknuti,u,233,1864,159,159
groziti,ugroziti,u,27,28,157,236
vijati,uvijati,u,60,722,157,316
viti,izviti,iz,221,2431,156,156
dati,zadati,za,5896,54495,156,190
valiti,navaliti,na,29,261,156,156
plašiti,preplašiti,pre,1454,4443,155,158
voditi,odvoditi,od,5046,56924,155,170
vući,provući,pro,1348,14834,154,158
davati,udavati,u,2395,22346,153,154
loviti,uloviti,u,243,251,153,157
kopati,zakopati,za,303,1526,153,159
stupiti,pristupiti,pri,452,2866,153,470
stavljati,sastavljati,sa,934,5825,153,179
pomenuti,napomenuti,na,711,1554,151,303
jesti,ujesti,u,2096,4264,151,152
pisati,prepisati,pre,3704,26386,151,157
pisati,pripisati,pri,3704,26386,151,170
puštati,upuštati,u,786,4759,151,159
baciti,zabaciti,za,2546,20423,151,153
skratiti,uskratiti,u,112,137,149,173
kucati,zakucati,za,329,1323,149,152
boleti,zaboleti,za,630,1895,149,150
kačiti,zakačiti,za,46,139,147,153
davati,zadavati,za,2395,22346,147,151
diviti,zadiviti,za,403,422,146,153
krcati,ukrcati,u,8,16,146,155
porediti,uporediti,u,102,118,145,227
leteti,naleteti,na,242,2665,145,149
baviti,zabaviti,za,1006,7505,145,177
pasti,prepasti,pre,3900,19608,145,145
lupiti,zalupiti,za,123,124,144,144
stupati,nastupati,na,213,1113,144,308
vijati,izvijati,iz,60,722,144,144
lagati,nalagati,na,732,5866,143,174
hoditi,uhoditi,u,164,328,143,144
crtati,nacrtati,na,103,433,142,152
dati,uzdati,uz,5896,54495,142,571
spavati,uspavati,u,3002,15366,142,143
lagati,odlagati,od,732,5866,142,163
trebati,zatrebati,za,13890,18569,141,165
učiti,proučiti,pro,1173,8449,140,169
vijati,zavijati,za,60,722,140,143
roniti,uroniti,u,41,169,139,148
igrati,zaigrati,za,2814,20305,139,145
daviti,udaviti,u,287,873,139,142
stizati,pristizati,pri,791,3348,139,152
lutati,zalutati,za,583,1175,139,144
tovariti,natovariti,na,79,239,139,140
ustajati,odustajati,od,700,1412,138,179
lepiti,zalepiti,za,125,884,138,149
vući,razvući,raz,1348,14834,138,140
secati,presecati,pre,6,37,136,139
vesti,privesti,pri,48,539,136,164
obići,zaobići,za,405,980,135,173
jahati,uzjahati,uz,568,3976,135,135
svući,presvući,pre,237,237,134,134
baviti,izbaviti,iz,1006,7505,134,140
topiti,utopiti,u,216,663,134,140
kupiti,prikupiti,pri,1575,6695,134,242
udarati,zaudarati,za,1023,4106,134,134
bledeti,izbledeti,iz,153,459,134,143
biti,nabiti,na,187140,2256517,134,139
setiti,dosetiti,do,1605,4866,133,271
mašiti,promašiti,pro,215,861,132,138
ticati,zaticati,za,1501,10978,132,135
kopati,ukopati,u,303,1526,132,133
čuti,pročuti,pro,10341,62563,132,133
skočiti,odskočiti,od,982,6922,132,133
dražiti,razdražiti,raz,161,167,131,131
živiti,doživiti,do,2749,8292,131,162
siti,prositi,pro,5,14,131,265
voleti,zavoleti,za,2369,7590,130,135
teći,uteći,u,826,5048,130,131
voditi,uvoditi,u,5046,56924,129,278
vući,dovući,do,1348,14834,129,132
imati,nadimati,nad,29631,130463,129,130
prineti,doprineti,do,287,288,129,859
dubiti,udubiti,u,31,126,129,130
trljati,protrljati,pro,237,476,129,129
ćutati,prećutati,pre,1851,5553,129,130
gaziti,pregaziti,pre,358,1793,128,132
tisnuti,utisnuti,u,7,14,128,128
strašiti,prestrašiti,pre,48,145,128,129
trpati,zatrpati,za,76,305,128,130
lečiti,izlečiti,iz,278,603,128,141
stremiti,ustremiti,u,68,85,127,128
kinuti,ukinuti,u,25,50,127,202
dobiti,zadobiti,za,3333,12439,127,153
nositi,nanositi,na,4409,57916,127,212
zboriti,prozboriti,pro,79,82,126,128
ličiti,priličiti,pri,2067,6252,126,258
stupiti,ustupiti,u,452,2866,124,160
činiti,pričiniti,pri,8487,44291,124,132
mrgoditi,namrgoditi,na,12,12,123,123
koračiti,prekoračiti,pre,9,18,123,137
graditi,nagraditi,na,543,4169,123,154
živiti,preživiti,pre,2749,8292,122,126
dahnuti,izdahnuti,iz,22,88,122,123
valiti,izvaliti,iz,29,261,122,122
pustiti,zapustiti,za,2341,16513,121,121
uzeti,izuzeti,iz,4077,24680,121,134
ostati,zaostati,za,11461,35199,121,125
mrsiti,zamrsiti,za,65,197,120,120
padati,zapadati,za,2594,18264,120,124
biti,zabiti,za,187140,2256517,120,122
drhtati,uzdrhtati,uz,983,1966,119,119
udarati,odudarati,od,1023,4106,119,125
kopati,dokopati,do,303,1526,119,122
noćiti,prenoćiti,pre,33,66,118,119
krstiti,ukrstiti,u,233,472,118,122
viriti,zaviriti,za,362,1811,118,127
metati,razmetati,raz,125,1376,118,119
pušiti,zapušiti,za,940,955,117,118
poručivati,preporučivati,pre,120,186,117,471
braniti,odbraniti,od,1090,2279,116,199
goreti,izgoreti,iz,551,4409,116,125
ostati,izostati,iz,11461,35199,116,147
zvati,prizvati,pri,3963,24025,115,119
vesti,razvesti,raz,48,539,114,120
gledati,nadgledati,nad,11256,135464,114,165
terati,preterati,pre,632,4451,113,115
vratiti,navratiti,na,7699,23788,113,114
izvesti,proizvesti,pro,842,1880,112,244
nervirati,iznervirati,iz,93,99,111,113
kasniti,zakasniti,za,176,191,111,116
bacati,razbacati,raz,1156,2352,110,110
likovati,oblikovati,ob,133,665,110,313
micati,uzmicati,uz,387,3097,110,112
gomilati,nagomilati,na,124,131,110,113
snovati,zasnovati,za,41,41,110,132
viti,priviti,pri,221,2431,109,109
kazati,zakazati,za,16617,101685,109,162
zvati,prozvati,pro,3963,24025,109,116
prezati,naprezati,na,48,99,109,109
manuti,obmanuti,ob,133,133,108,111
viditi,uviditi,u,12663,25581,108,140
tajiti,pritajiti,pri,28,57,108,108
birati,prebirati,pre,474,3615,108,109
gađati,nagađati,na,236,954,107,109
srnuti,nasrnuti,na,23,23,107,111
meriti,zameriti,za,155,1361,106,111
tražiti,pretražiti,pre,5990,13066,106,132
uzimati,preuzimati,pre,1280,9133,106,245
sititi,zasititi,za,18,36,106,106
sipati,prosipati,pro,257,794,104,105
držati,pridržati,pri,5942,30029,104,104
letiti,izletiti,iz,598,4208,103,104
važiti,odvažiti,od,103,438,103,114
pretiti,zapretiti,za,644,2022,103,113
varati,zavarati,za,506,1026,103,108
praviti,upraviti,u,1783,7387,103,104
vezati,privezati,pri,1111,7803,102,104
brusiti,odbrusiti,od,19,41,102,102
liti,obliti,ob,96,961,102,204
hraniti,nahraniti,na,406,1653,101,108
prljati,uprljati,u,60,122,101,102
seliti,useliti,u,108,550,100,106
uzrokovati,prouzrokovati,pro,23,127,100,172
upirati,odupirati,od,174,351,99,99
drmati,prodrmati,pro,45,138,99,105
magliti,zamagliti,za,124,248,99,99
liti,uliti,u,96,961,99,108
putovati,doputovati,do,1115,3580,98,117
žaliti,sažaliti,sa,956,2923,98,99
seliti,odseliti,od,108,550,98,102
moriti,zamoriti,za,149,747,98,99
tući,utući,u,538,2183,97,97
viti,zaviti,za,221,2431,97,97
kašljati,nakašljati,na,128,256,97,97
leteti,izleteti,iz,242,2665,96,99
misliti,promisliti,pro,11168,79097,96,107
visiti,uzvisiti,uz,1019,3061,96,96
liti,zaliti,za,96,961,96,97
pratiti,propratiti,pro,2628,6306,96,104
grliti,obgrliti,ob,360,1082,96,97
računati,izračunati,iz,456,2707,95,135
bivati,dobivati,do,1203,3674,95,130
prtiti,uprtiti,u,23,23,95,98
stupati,zastupati,za,213,1113,95,202
rušiti,narušiti,na,322,1627,95,122
valiti,uvaliti,u,29,261,95,97
baviti,pribaviti,pri,1006,7505,94,140
maknuti,razmaknuti,raz,233,1864,94,94
spavati,prespavati,pre,3002,15366,94,97
plašiti,zaplašiti,za,1454,4443,94,96
platiti,naplatiti,na,1147,3717,94,122
krutiti,ukrutiti,u,49,49,93,93
daviti,zadaviti,za,287,873,93,93
sipati,zasipati,za,257,794,92,94
vijati,previjati,pre,60,722,92,92
viknuti,priviknuti,pri,897,5382,92,92
staviti,dostaviti,do,2536,15573,91,481
šaliti,našaliti,na,524,532,91,93
cediti,procediti,pro,99,99,91,92
mazati,namazati,na,66,397,91,97
dužiti,izdužiti,iz,41,170,91,91
vraćati,navraćati,na,2954,9115,91,92
gunđati,progunđati,pro,197,198,91,91
miriti,izmiriti,iz,265,1330,90,102
roniti,zaroniti,za,41,169,90,96
poznavati,upoznavati,u,2760,5674,90,149
obratiti,preobratiti,pre,1141,1671,89,89
gledati,nagledati,na,11256,135464,89,91
moriti,premoriti,pre,149,747,89,89
uditi,nauditi,na,74,79,89,92
slepiti,zaslepiti,za,164,169,89,89
trpeti,pretrpeti,pre,186,275,89,158
biti,prebiti,pre,187140,2256517,89,90
vrteti,zavrteti,za,334,1014,88,90
lagati,ulagati,u,732,5866,88,296
juriti,dojuriti,do,730,3664,88,89
užiti,odužiti,od,15,35,88,96
vući,podvući,pod,1348,14834,87,107
pečatiti,zapečatiti,za,12,12,87,87
dirati,razdirati,raz,285,1149,87,87
legati,razlegati,raz,26,82,87,87
želiti,zaželiti,za,2427,2494,87,88
terati,proterati,pro,632,4451,87,93
mučiti,namučiti,na,1256,2545,86,86
gurati,ugurati,u,620,4365,86,87
općiti,uopćiti,u,6,13,86,88
jahati,odjahati,od,568,3976,86,86
jecati,zajecati,za,244,245,86,86
taknuti,nataknuti,na,65,195,85,85
metati,premetati,pre,125,1376,85,85
snivati,zasnivati,za,41,42,85,299
listati,prelistati,pre,100,311,85,88
veseliti,razveseliti,raz,254,509,85,87
roditi,izroditi,iz,1917,5817,85,94
manjiti,umanjiti,u,232,232,85,137
leteti,odleteti,od,242,2665,85,90
točiti,zatočiti,za,52,157,84,84
buniti,uzbuniti,uz,302,913,84,85
topiti,natopiti,na,216,663,84,86
teći,priteći,pri,826,5048,84,90
likovati,nalikovati,na,133,665,84,92
kriviti,nakriviti,na,343,703,84,84
dragati,razdragati,raz,350,353,84,84
govoriti,ugovoriti,u,13834,139978,83,106
dosećati,predosećati,pre,18,36,83,84
govoriti,prigovoriti,pri,13834,139978,83,85
likovati,dolikovati,do,133,665,82,88
svirati,zasvirati,za,863,2679,82,83
družiti,udružiti,u,194,455,82,130
liti,proliti,pro,96,961,82,83
mamiti,izmamiti,iz,215,1076,82,88
sušiti,sasušiti,sa,166,521,82,82
brojati,izbrojati,iz,302,1276,81,86
tišati,utišati,u,8,8,81,86
hvatati,zahvatati,za,984,3948,81,95
vedriti,razvedriti,raz,44,89,81,82
liti,izliti,iz,96,961,81,84
njušiti,nanjušiti,na,88,88,80,80
likovati,odlikovati,od,133,665,80,234
otkriti,razotkriti,raz,2330,2893,80,89
dahnuti,predahnuti,pre,22,88,80,80
viriti,izviriti,iz,362,1811,79,96
mjeriti,namjeriti,na,36,79,79,79
miriti,primiriti,pri,265,1330,79,80
trnuti,pretrnuti,pre,52,156,78,78
menjati,izmenjati,iz,1201,1641,78,78
derati,proderati,pro,245,735,78,78
motriti,razmotriti,raz,169,339,78,513
vršiti,navršiti,na,552,3530,77,92
jariti,razjariti,raz,16,32,77,77
vijati,privijati,pri,60,722,77,77
nositi,nadnositi,nad,4409,57916,77,77
rušiti,obrušiti,ob,322,1627,77,80
metati,nadmetati,nad,125,1376,77,91
seliti,doseliti,do,108,550,77,85
obilaziti,zaobilaziti,za,511,539,77,90
šiti,sašiti,sa,120,481,76,76
viti,odviti,od,221,2431,76,78
upirati,podupirati,pod,174,351,76,78
piti,pripiti,pri,1844,7435,76,78
kloniti,prikloniti,pri,68,344,76,83
ložiti,založiti,za,97,874,75,94
lepiti,prilepiti,pri,125,884,75,75
klanjati,uklanjati,u,215,649,75,154
letati,preletati,pre,5,60,75,76
nositi,raznositi,raz,4409,57916,75,76
besneti,razbesneti,raz,82,83,75,76
jaditi,dojaditi,do,8,8,75,75
skočiti,uskočiti,u,982,6922,75,80
niknuti,proniknuti,pro,116,116,75,76
režati,zarežati,za,50,52,74,74
lomiti,prelomiti,pre,281,1693,74,80
vladati,nadvladati,nad,920,3747,74,82
uzdavati,obuzdavati,ob,26,78,74,76
sijati,zasijati,za,308,628,74,84
stupati,ustupati,u,213,1113,74,81
vapiti,zavapiti,za,49,53,74,75
voleti,privoleti,pri,2369,7590,74,75
viknuti,podviknuti,pod,897,5382,73,73
slagati,naslagati,na,1007,1126,73,73
mutiti,zamutiti,za,115,236,73,73
moliti,promoliti,pro,2871,14368,73,73
drmati,uzdrmati,uz,45,138,73,79
buditi,razbuditi,raz,475,1579,72,74
letiti,naletiti,na,598,4208,71,73
štedeti,uštedeti,u,54,110,71,111
čistiti,pročistiti,pro,284,590,71,76
tresti,protresti,pro,499,499,71,72
liti,preliti,pre,96,961,71,81
svirati,odsvirati,od,863,2679,71,79
grabiti,dograbiti,do,199,998,71,71
trčati,pretrčati,pre,1327,7978,70,72
maknuti,zamaknuti,za,233,1864,70,70
krotiti,ukrotiti,u,26,28,70,72
rešiti,razrešiti,raz,1365,2989,70,96
tvoriti,pritvoriti,pri,46,140,70,70
izlaziti,proizlaziti,pro,2166,4542,70,107
turiti,proturiti,pro,62,372,70,71
ljutiti,razljutiti,raz,529,1076,70,72
voliti,zavoliti,za,2997,3062,69,76
vitlati,zavitlati,za,121,242,69,69
pipati,napipati,na,140,140,68,71
paziti,pripaziti,pri,1113,2254,68,70
vrteti,uvrteti,u,334,1014,68,68
čuti,načuti,na,10341,62563,68,71
ostajati,zaostajati,za,1983,6402,68,96
liti,naliti,na,96,961,68,69
dremati,zadremati,za,128,128,68,68
leteti,uleteti,u,242,2665,67,69
vezati,zavezati,za,1111,7803,67,68
jahati,projahati,pro,568,3976,67,67
saditi,zasaditi,za,41,214,67,81
ganjati,proganjati,pro,14,15,67,72
biti,sabiti,sa,187140,2256517,67,68
koriti,prekoriti,pre,80,162,67,68
kratiti,prekratiti,pre,23,47,66,69
letiti,uletiti,u,598,4208,66,69
upreti,podupreti,pod,164,328,66,67
saditi,usaditi,u,41,214,66,71
meriti,izmeriti,iz,155,1361,66,87
rugati,narugati,na,155,158,66,66
jačati,nadjačati,nad,214,287,65,69
ljuljati,zaljuljati,za,257,522,65,66
maknuti,uzmaknuti,uz,233,1864,65,65
graditi,ugraditi,u,543,4169,65,118
blistati,zablistati,za,340,341,65,70
trošiti,utrošiti,u,445,547,64,78
hteti,prohteti,pro,59495,75887,64,64
sezati,dosezati,do,66,66,63,67
raditi,obraditi,ob,7532,64503,63,121
legati,podlegati,pod,26,82,63,66
letiti,odletiti,od,598,4208,63,64
letati,izletati,iz,5,60,63,65
lagati,zalagati,za,732,5866,63,209
šarati,prošarati,pro,89,90,62,63
kašljati,zakašljati,za,128,256,62,62
ostaviti,izostaviti,iz,4195,4614,62,72
mučiti,izmučiti,iz,1256,2545,62,62
rušiti,prerušiti,pre,322,1627,62,62
poloviti,prepoloviti,pre,9,9,62,69
juriti,projuriti,pro,730,3664,62,62
siktati,prosiktati,pro,43,43,61,61
spravljati,uspravljati,u,33,35,61,62
kršiti,prekršiti,pre,97,174,61,108
mirisati,namirisati,na,399,811,61,63
čuljiti,načuljiti,na,8,8,60,60
škoditi,naškoditi,na,87,94,60,75
leteti,preleteti,pre,242,2665,60,60
sedeti,presedeti,pre,2479,2537,60,60
turiti,preturiti,pre,62,372,60,60
lomiti,prolomiti,pro,281,1693,60,60
lutati,odlutati,od,583,1175,60,63
deliti,razdeliti,raz,844,3603,60,60
trnuti,utrnuti,u,52,156,60,62
plesti,saplesti,sa,223,223,60,60
vrtiti,zavrtiti,za,279,303,60,60
grebati,izgrebati,iz,113,227,59,60
spavati,odspavati,od,3002,15366,59,60
pajati,napajati,na,7,14,59,71
bežati,razbežati,raz,973,1013,59,60
oružati,razoružati,raz,11,33,59,65
denuti,zadenuti,za,24,48,59,59
šaptati,prošaptati,pro,79,79,59,59
piti,upiti,u,1844,7435,59,82
stradati,nastradati,na,187,293,58,71
brazdati,izbrazdati,iz,30,30,58,58
kupiti,nakupiti,na,1575,6695,58,63
verati,uzverati,uz,104,105,58,59
gaziti,zagaziti,za,358,1793,58,60
prinositi,doprinositi,do,177,362,58,592
uveriti,razuveriti,raz,1450,3013,58,59
vijati,nadvijati,nad,60,722,58,63
saviti,presaviti,pre,242,487,57,57
pričati,prepričati,pre,5314,11015,57,66
bušiti,probušiti,pro,31,63,57,63
udati,preudati,pre,739,1505,57,57
grliti,prigrliti,pri,360,1082,57,71
grejati,ugrejati,u,183,747,56,62
bivati,prebivati,pre,1203,3674,56,60
viđati,priviđati,pri,680,2756,56,56
dizati,izdizati,iz,958,3840,56,68
šiti,ušiti,u,120,481,56,70
žariti,zažariti,za,54,108,56,56
pratiti,dopratiti,do,2628,6306,56,57
vezati,razvezati,raz,1111,7803,56,56
mrljati,umrljati,u,16,32,56,56
nakaziti,unakaziti,u,8,16,56,56
voditi,zavoditi,za,5046,56924,56,66
misliti,umisliti,u,11168,79097,56,57
žaliti,zažaliti,za,956,2923,56,60
grabiti,ugrabiti,u,199,998,56,58
samariti,nasamariti,na,5,10,56,56
birati,sabirati,sa,474,3615,55,64
meriti,nameriti,na,155,1361,55,59
lajati,zalajati,za,209,209,55,55
noćiti,zanoćiti,za,33,66,55,55
pomagati,zapomagati,za,890,1742,55,55
mamiti,namamiti,na,215,1076,55,55
želeti,zaželeti,za,3165,9208,55,55
zvučati,zazvučati,za,496,515,54,57
žeti,sažeti,sa,1995,5985,54,59
očit,naočit,na,50,50,54,54
okrenuti,preokrenuti,pre,3751,11333,54,67
ložiti,obložiti,ob,97,874,54,66
vaditi,zavaditi,za,419,855,53,54
dobiti,pridobiti,pri,3333,12439,53,59
letati,obletati,ob,5,60,53,53
žad,užad,u,19,19,53,53
važiti,uvažiti,u,103,438,53,67
kočiti,zakočiti,za,95,200,53,54
lizati,izlizati,iz,155,466,53,53
planuti,preplanuti,pre,235,239,53,57
goreti,sagoreti,sa,551,4409,53,55
djelovati,sudjelovati,su,5,53,53,75
mašiti,nadmašiti,nad,215,861,53,70
minuti,uminuti,u,95,95,53,54
razumiti,urazumiti,u,6,14,53,55
goditi,ugoditi,u,115,464,53,59
skočiti,priskočiti,pri,982,6922,52,55
stupiti,odstupiti,od,452,2866,52,66
hoditi,nahoditi,na,164,328,52,52
zbiti,suzbiti,su,389,394,52,62
prečiti,preprečiti,pre,22,44,52,52
veriti,zaveriti,za,100,401,52,52
stezati,ustezati,u,506,507,52,52
letati,saletati,sa,5,60,52,53
sesti,zasesti,za,2497,4995,52,52
grnuti,nagrnuti,na,8,40,51,51
viti,previti,pre,221,2431,51,51
cerekati,zacerekati,za,125,125,51,51
udarati,podudarati,pod,1023,4106,51,80
prositi,zaprositi,za,131,265,51,51
trčati,protrčati,pro,1327,7978,51,53
značiti,naznačiti,na,3748,4781,51,116
okupljati,zaokupljati,za,196,386,51,58
valiti,odvaliti,od,29,261,51,51
leteti,proleteti,pro,242,2665,51,52
obući,preobući,pre,546,1100,51,51
mračiti,zamračiti,za,29,58,50,50
gaziti,nagaziti,na,358,1793,50,51
metati,podmetati,pod,125,1376,50,50
viti,nadviti,nad,221,2431,50,57
leteti,uzleteti,uz,242,2665,50,52
pominjati,napominjati,na,706,836,50,114
gostiti,ugostiti,u,233,234,50,124
vladati,prevladati,pre,920,3747,50,62
patiti,propatiti,pro,692,2781,50,56
nositi,pronositi,pro,4409,57916,49,52
dešavati,udešavati,u,1463,1819,49,49
voziti,prevoziti,pre,857,4422,49,87
komentarisati,prokomentarisati,pro,103,151,49,65
grditi,izgrditi,iz,204,409,49,52
glasiti,saglasiti,sa,290,1250,49,188
juriti,izjuriti,iz,730,3664,49,50
gneviti,razgneviti,raz,9,9,49,49
učiti,izučiti,iz,1173,8449,49,51
hladiti,prehladiti,pre,110,230,48,48
micati,zamicati,za,387,3097,48,48
veo,uveo,u,300,300,48,48
plivati,zaplivati,za,393,1200,48,51
trpati,pretrpati,pre,76,305,48,50
gledati,progledati,pro,11256,135464,48,50
pleniti,zapleniti,za,22,30,48,50
krčiti,zakrčiti,za,63,129,48,49
bistriti,razbistriti,raz,50,50,47,51
pretiti,pripretiti,pri,644,2022,47,47
lepiti,odlepiti,od,125,884,47,54
brojiti,izbrojiti,iz,230,960,47,47
valiti,razvaliti,raz,29,261,47,49
hodati,uhodati,u,1676,3394,47,49
činiti,začiniti,za,8487,44291,47,67
ležati,odležati,od,2671,5517,47,48
škripati,zaškripati,za,145,146,47,47
treperiti,zatreperiti,za,291,300,47,47
govoriti,razgovoriti,raz,13834,139978,47,47
duvati,izduvati,iz,387,1174,47,49
skakati,odskakati,od,509,2042,46,46
rediti,prorediti,pro,20,200,46,46
letiti,preletiti,pre,598,4208,46,48
kostrešiti,nakostrešiti,na,10,10,46,46
močiti,umočiti,u,20,60,46,47
cvetati,procvetati,pro,82,93,46,51
crtati,ucrtati,u,103,433,46,48
paliti,pripaliti,pri,335,1055,46,47
boriti,izboriti,iz,1007,1362,45,131
lomiti,izlomiti,iz,281,1693,45,47
gladiti,ugladiti,u,112,336,45,45
mrtviti,umrtviti,u,143,143,45,45
vijati,navijati,na,60,722,45,56
biti,pribiti,pri,187140,2256517,45,46
ići,podići,pod,9434,57248,45,335
živeti,nadživeti,nad,2266,17078,44,46
turiti,zaturiti,za,62,372,44,45
vući,prevući,pre,1348,14834,44,46
letati,proletati,pro,5,60,44,45
ustaviti,obustaviti,ob,40,120,44,78
meriti,umeriti,u,155,1361,44,44
uzdati,zauzdati,za,142,571,44,45
sukati,nasukati,na,57,171,44,44
tkati,satkati,sa,47,236,43,44
kobiti,sukobiti,su,39,39,43,49
lučiti,razlučiti,raz,38,120,43,47
okružiti,zaokružiti,za,382,383,43,72
krpiti,zakrpiti,za,44,46,43,43
gurati,izgurati,iz,620,4365,43,48
brojati,nabrojati,na,302,1276,43,53
šminkati,našminkati,na,17,18,43,45
stizati,sustizati,su,791,3348,43,44
hvat,dohvat,do,20,20,43,43
vejati,razvejati,raz,46,92,42,42
obliti,zaobliti,za,102,204,42,42
igrati,izigrati,iz,2814,20305,42,43
kačiti,prikačiti,pri,46,139,42,43
miriti,namiriti,na,265,1330,42,44
grnuti,razgrnuti,raz,8,40,42,43
seći,useći,u,246,1970,41,44
oštriti,izoštriti,iz,28,84,41,42
zdraviti,nazdraviti,na,136,272,41,41
dodati,pridodati,pri,2330,5553,41,54
letiti,proletiti,pro,598,4208,41,42
raditi,razraditi,raz,7532,64503,41,51
rediti,podrediti,pod,20,200,41,44
terati,saterati,sa,632,4451,41,41
ogrnuti,zaogrnuti,za,109,109,41,41
dosetiti,predosetiti,pre,133,271,40,42
stupati,odstupati,od,213,1113,40,63
koriti,ukoriti,u,80,162,40,42
reći,zareći,za,32340,196862,40,41
motati,obmotati,ob,185,1111,40,41
staviti,ustaviti,u,2536,15573,40,120
lediti,zalediti,za,96,101,40,40
bacati,nabacati,na,1156,2352,40,40
diktirati,izdiktirati,iz,62,97,40,40
moliti,izmoliti,iz,2871,14368,40,40
raditi,proraditi,pro,7532,64503,40,47
češljati,začešljati,za,133,266,40,40
mileti,razmileti,raz,13,26,40,40
rezati,prerezati,pre,79,791,40,42
petljati,upetljati,u,78,156,40,41
pecati,upecati,u,46,47,40,40
strašiti,zastrašiti,za,48,145,40,47
boleti,preboleti,pre,630,1895,40,40
magliti,odmagliti,od,124,248,40,41
zvati,sazvati,sa,3963,24025,40,180
iskati,zaiskati,za,152,152,39,39
šunjati,ušunjati,u,50,150,39,39
dubiti,produbiti,pro,31,126,39,58
suditi,presuditi,pre,750,3050,39,63
strujati,prostrujati,pro,53,93,39,42
vezati,odvezati,od,1111,7803,39,43
tajiti,zatajiti,za,28,57,39,41
leteti,razleteti,raz,242,2665,39,39
žariti,užariti,u,54,108,39,39
trčati,utrčati,u,1327,7978,39,39
gubiti,zagubiti,za,1750,3665,39,40
disati,izdisati,iz,784,3167,38,39
motati,zamotati,za,185,1111,38,40
voditi,privoditi,pri,5046,56924,38,46
pisati,propisati,pro,3704,26386,38,61
petljati,zapetljati,za,78,156,38,38
deliti,udeliti,u,844,3603,38,39
tući,dotući,do,538,2183,38,38
baviti,dobaviti,do,1006,7505,37,38
ložiti,priložiti,pri,97,874,37,86
brijati,izbrijati,iz,115,115,37,37
žmiriti,zažmiriti,za,21,21,37,37
gaziti,izgaziti,iz,358,1793,37,37
zidati,zazidati,za,305,1223,37,38
svlačiti,presvlačiti,pre,165,165,37,38
tući,natući,na,538,2183,37,37
golicati,zagolicati,za,73,74,37,40
pojiti,napojiti,na,48,96,37,38
crveniti,zacrveniti,za,248,271,36,36
vršiti,prevršiti,pre,552,3530,36,37
birati,pribirati,pri,474,3615,36,36
skraćivati,uskraćivati,u,38,56,36,48
sijati,usijati,u,308,628,36,36
mirisati,zamirisati,za,399,811,36,37
stavljati,dostavljati,do,934,5825,36,146
ljubiti,izljubiti,iz,1005,5033,36,37
metati,primetati,pri,125,1376,36,36
oći,nadoći,nad,5,6,36,37
letati,naletati,na,5,60,36,36
šuškati,ušuškati,u,68,136,36,40
pućiti,napućiti,na,11,11,36,36
dubiti,zadubiti,za,31,126,35,37
ćuliti,naćuliti,na,13,13,35,35
trpati,natrpati,na,76,305,35,36
živeti,saživeti,sa,2266,17078,35,36
brojiti,prebrojiti,pre,230,960,35,36
broditi,prebroditi,pre,35,35,35,46
smejati,zasmejati,za,1791,3584,35,36
dejstvovati,izdejstvovati,iz,45,52,35,44
gajiti,odgajiti,od,277,292,35,39
vajati,izvajati,iz,15,45,35,38
rvati,obrvati,ob,48,96,35,40
migoljiti,izmigoljiti,iz,12,12,35,35
puniti,dopuniti,do,347,1415,35,79
viti,naviti,na,221,2431,35,36
mazati,premazati,pre,66,397,35,44
dobijati,zadobijati,za,755,2248,34,34
piljiti,upiljiti,u,205,410,34,34
micati,razmicati,raz,387,3097,34,34
kaljati,ukaljati,u,25,26,34,34
derati,razderati,raz,245,735,34,34
rešiti,odrešiti,od,1365,2989,34,34
praviti,prepraviti,pre,1783,7387,34,38
računati,proračunati,pro,456,2707,34,37
crveneti,zacrveneti,za,39,39,34,35
udarati,izudarati,iz,1023,4106,34,34
baciti,nabaciti,na,2546,20423,34,39
rvati,survati,su,48,96,34,35
putovati,proputovati,pro,1115,3580,34,41
točiti,pretočiti,pre,52,157,33,52
viknuti,odviknuti,od,897,5382,33,33
moći,uzmoći,uz,46606,110401,33,33
rubiti,odrubiti,od,5,10,33,34
rezati,odrezati,od,79,791,33,34
vozati,provozati,pro,96,96,33,38
brojati,prebrojati,pre,302,1276,33,38
množiti,umnožiti,u,59,123,33,36
traćiti,protraćiti,pro,34,34,33,33
glačati,uglačati,u,17,35,33,34
urediti,preurediti,pre,364,852,33,42
teturati,zateturati,za,121,123,33,33
mrsiti,razmrsiti,raz,65,197,33,34
smetati,zasmetati,za,780,800,33,35
vežbati,uvežbati,u,117,278,33,33
minirati,dominirati,do,22,25,33,158
goreti,dogoreti,do,551,4409,33,33
birati,nabirati,na,474,3615,33,33
borati,naborati,na,71,142,33,33
bujati,nabujati,na,78,86,33,36
gušiti,zagušiti,za,409,1239,33,33
parati,zaparati,za,55,57,33,33
ploviti,uploviti,u,308,994,33,39
glumiti,odglumiti,od,210,229,32,32
liti,saliti,sa,96,961,32,32
mititi,podmititi,pod,7,7,32,34
trovati,zatrovati,za,91,92,32,33
učiti,podučiti,pod,1173,8449,32,35
roditi,uroditi,u,1917,5817,32,36
rastati,narastati,na,373,2258,32,33
odati,nadodati,nad,374,474,32,32
ličiti,naličiti,na,2067,6252,32,32
jahati,dojahati,do,568,3976,32,32
kititi,nakititi,na,69,139,32,32
zepsti,prozepsti,pro,24,24,32,32
isticati,proisticati,pro,516,998,32,74
sušiti,presušiti,pre,166,521,32,34
terati,priterati,pri,632,4451,32,33
čuditi,načuditi,na,622,1275,31,31
letati,uletati,u,5,60,31,31
okrenuti,zaokrenuti,za,3751,11333,31,31
hodati,prohodati,pro,1676,3394,31,34
umreti,izumreti,iz,2737,2869,31,33
javiti,dojaviti,do,1382,8457,31,31
maziti,razmaziti,raz,94,100,31,31
kvasiti,nakvasiti,na,62,124,31,31
plivati,preplivati,pre,393,1200,31,32
hvatati,nahvatati,na,984,3948,31,31
bečiti,izbečiti,iz,20,20,31,31
strašiti,ustrašiti,u,48,145,31,31
moriti,izmoriti,iz,149,747,31,31
videti,izvideti,iz,10954,78196,31,31
stizati,dostizati,do,791,3348,31,86
goditi,odgoditi,od,115,464,31,35
stupati,pristupati,pri,213,1113,31,89
leteti,zaleteti,za,242,2665,30,31
gnezditi,ugnezditi,u,26,29,30,32
služiti,uslužiti,u,1740,5663,30,43
skakati,uskakati,u,509,2042,30,31
točiti,natočiti,na,52,157,30,33
nuditi,iznuditi,iz,712,2716,30,37
sretati,presretati,pre,362,778,30,30
suditi,prosuditi,pro,750,3050,30,34
sjetiti,podsjetiti,pod,26,44,30,44
suziti,zasuziti,za,67,79,30,30
sloviti,nasloviti,na,15,47,30,31
roditi,naroditi,na,1917,5817,30,30
kipiti,ukipiti,u,10,10,29,29
zbijati,suzbijati,su,89,91,29,34
pljeskati,zapljeskati,za,106,106,29,29
goditi,nagoditi,na,115,464,29,29
pakostiti,napakostiti,na,28,28,29,29
terati,uterati,u,632,4451,29,30
bušiti,izbušiti,iz,31,63,29,30
nišaniti,nanišaniti,na,52,53,29,30
stenjati,zastenjati,za,111,222,29,29
šiti,prišiti,pri,120,481,29,29
lupati,zalupati,za,397,795,29,29
sukati,usukati,u,57,171,29,29
računati,obračunati,ob,456,2707,29,44
kupiti,zakupiti,za,1575,6695,29,46
krvaviti,zakrvaviti,za,80,80,29,29
hrupiti,nahrupiti,na,11,11,29,29
otkrivati,razotkrivati,raz,824,993,29,42
dizati,pridizati,pri,958,3840,29,29
letati,uzletati,uz,5,60,28,28
obraćati,preobraćati,pre,1173,2440,28,28
puniti,prepuniti,pre,347,1415,28,32
klanjati,priklanjati,pri,215,649,28,31
besniti,razbesniti,raz,114,120,28,29
seći,zaseći,za,246,1970,28,28
viriti,naviriti,na,362,1811,28,28
mazati,umazati,u,66,397,28,28
gospodariti,zagospodariti,za,78,82,28,32
sedati,odsedati,od,224,1346,28,32
razložiti,obrazložiti,ob,8,20,28,180
zviždati,zazviždati,za,120,122,28,28
trubiti,zatrubiti,za,56,56,28,28
viti,podviti,pod,221,2431,28,30
motati,razmotati,raz,185,1111,28,28
skočiti,zaskočiti,za,982,6922,28,29
rezati,izrezati,iz,79,791,27,30
tvor,pritvor,pri,25,25,27,27
beležiti,pribeležiti,pri,288,988,27,28
žaliti,prežaliti,pre,956,2923,27,27
poroditi,preporoditi,pre,55,64,27,30
kidati,ukidati,u,250,752,27,62
nizati,nanizati,na,169,173,27,30
gladiti,zagladiti,za,112,336,27,27
gaziti,ugaziti,u,358,1793,27,27
glasiti,razglasiti,raz,290,1250,27,27
ćelav,proćelav,pro,131,131,27,27
motriti,promotriti,pro,169,339,27,28
krčiti,prokrčiti,pro,63,129,27,29
gaditi,zagaditi,za,158,159,27,33
jahati,izjahati,iz,568,3976,27,27
vojevati,izvojevati,iz,11,12,27,34
stajati,odstajati,od,6069,48949,27,28
jadati,izjadati,iz,82,83,27,27
gladneti,izgladneti,iz,76,76,27,29
kazivati,zakazivati,za,567,2838,27,43
titrati,zatitrati,za,66,66,27,27
mesiti,zamesiti,za,73,151,27,31
gurati,dogurati,do,620,4365,27,30
venuti,uvenuti,u,38,76,27,27
lepiti,ulepiti,u,125,884,27,27
valiti,podvaliti,pod,29,261,26,26
gibati,sagibati,sa,20,40,26,26
rastati,prerastati,pre,373,2258,26,26
gladiti,izgladiti,iz,112,336,26,28
rastati,odrastati,od,373,2258,26,37
reći,proreći,pro,32340,196862,26,27
deklamovati,izdeklamovati,iz,54,54,26,26
dubiti,izdubiti,iz,31,126,26,27
talasati,zatalasati,za,45,48,26,26
ploviti,zaploviti,za,308,994,26,26
kititi,zakititi,za,69,139,26,26
priličiti,upriličiti,u,126,258,26,34
davati,uzdavati,uz,2395,22346,26,78
grajati,zagrajati,za,57,57,26,26
ujedati,izujedati,iz,118,118,25,25
bdeti,probdeti,pro,199,199,25,25
seći,saseći,sa,246,1970,25,27
goniti,razgoniti,raz,484,3398,25,25
ticati,preticati,pre,1501,10978,25,26
šišati,podšišati,pod,39,83,25,25
razlagati,obrazlagati,ob,14,30,25,34
raditi,odraditi,od,7532,64503,25,56
turiti,doturiti,do,62,372,25,26
lanuti,izlanuti,iz,16,16,25,25
leteti,doleteti,do,242,2665,25,25
dizati,zadizati,za,958,3840,25,25
beležiti,ubeležiti,u,288,988,25,28
nositi,uznositi,uz,4409,57916,25,25
ječati,zaječati,za,111,111,25,25
strčati,ustrčati,u,74,74,25,26
vjeriti,uvjeriti,u,30,60,25,37
bludeti,zabludeti,za,23,23,25,27
tući,pretući,pre,538,2183,25,34
crtati,precrtati,pre,103,433,25,26
viriti,priviriti,pri,362,1811,25,25
mlatiti,premlatiti,pre,60,241,25,25
staviti,pristaviti,pri,2536,15573,25,26
grditi,nagrditi,na,204,409,24,24
spaliti,uspaliti,u,192,201,24,24
kikotati,zakikotati,za,80,80,24,24
tuliti,utuliti,u,17,17,24,24
trajati,dotrajati,do,1257,1957,24,27
rezati,obrezati,ob,79,791,24,24
brojiti,nabrojiti,na,230,960,24,26
čkiljiti,začkiljiti,za,24,24,24,24
buktati,razbuktati,raz,13,13,24,25
vetriti,provetriti,pro,26,53,24,25
goreti,razgoreti,raz,551,4409,24,24
jahati,zajahati,za,568,3976,24,24
vezati,uvezati,u,1111,7803,24,29
pucati,upucati,u,884,2680,24,24
ticati,priticati,pri,1501,10978,24,24
dati,pridati,pri,5896,54495,24,33
topiti,pretopiti,pre,216,663,24,24
uzeti,poduzeti,pod,4077,24680,24,51
slediti,proslediti,pro,771,2533,24,66
krenuti,zakrenuti,za,3412,3729,24,24
gađati,odgađati,od,236,954,24,28
ostajati,izostajati,iz,1983,6402,24,44
gledati,odgledati,od,11256,135464,23,30
miriti,podmiriti,pod,265,1330,23,31
skočiti,doskočiti,do,982,6922,23,23
joguniti,uzjoguniti,uz,14,14,23,24
pisati,dopisati,do,3704,26386,23,27
spavati,naspavati,na,3002,15366,23,26
mesiti,umesiti,u,73,151,23,29
krštavati,ukrštavati,u,5,5,23,23
rumeniti,zarumeniti,za,99,200,23,23
gibati,ugibati,u,20,40,23,24
pucati,pripucati,pri,884,2680,23,23
videti,prevideti,pre,10954,78196,23,27
prodavati,preprodavati,pre,557,1373,23,23
nalaziti,iznalaziti,iz,4753,17813,23,23
gluv,nagluv,na,205,205,23,23
sukati,zasukati,za,57,171,23,23
denuti,udenuti,u,24,48,23,23
rediti,nadrediti,nad,20,200,23,23
letati,nadletati,nad,5,60,23,24
kukati,zakukati,za,73,76,23,23
kovati,zakovati,za,114,344,23,23
vijati,dovijati,do,60,722,22,24
žeći,užeći,u,36,108,22,22
rediti,obrediti,ob,20,200,22,22
grebati,zagrebati,za,113,227,22,22
sedati,zasedati,za,224,1346,22,26
izići,proizići,pro,1736,3478,22,25
recitovati,izrecitovati,iz,87,180,22,23
uzdati,razuzdati,raz,142,571,22,22
čuvati,pričuvati,pri,1335,3053,22,22
vezivati,odvezivati,od,423,856,22,22
naduti,podnaduti,pod,143,143,22,22
saditi,nasaditi,na,41,214,22,22
vikati,zavikati,za,2049,8201,22,22
voditi,razvoditi,raz,5046,56924,22,23
misliti,namisliti,na,11168,79097,22,22
vezivati,razvezivati,raz,423,856,22,22
pričati,napričati,na,5314,11015,22,22
inatiti,zainatiti,za,21,21,22,22
sisati,usisati,u,126,127,22,24
pucati,zapucati,za,884,2680,21,22
stupiti,zastupiti,za,452,2866,21,22
brbljati,izbrbljati,iz,193,193,21,21
šiljiti,zašiljiti,za,9,9,21,21
služiti,odslužiti,od,1740,5663,21,26
ispitati,preispitati,pre,227,319,21,71
ubijati,izubijati,iz,501,552,21,21
čistiti,prečistiti,pre,284,590,21,22
izaći,proizaći,pro,3254,3588,21,47
svetliti,prosvetliti,pro,160,320,21,21
grabiti,zagrabiti,za,199,998,21,21
celiti,zaceliti,za,40,40,21,21
zvati,zazvati,za,3963,24025,21,22
hladneti,zahladneti,za,55,55,21,22
ceniti,zaceniti,za,235,967,21,21
slušati,naslušati,na,4092,16590,21,22
plesati,zaplesati,za,222,234,21,22
pakovati,upakovati,u,56,145,21,25
zidati,sazidati,sa,305,1223,21,23
roniti,odroniti,od,41,169,21,21
rušiti,razrušiti,raz,322,1627,21,23
obraćati,saobraćati,sa,1173,2440,21,46
lepršati,zalepršati,za,121,243,21,21
motati,odmotati,od,185,1111,21,21
imenovati,naimenovati,na,116,334,20,20
rogušiti,narogušiti,na,5,5,20,20
bivati,izbivati,iz,1203,3674,20,21
bljuvati,izbljuvati,iz,34,34,20,20
vejati,zavejati,za,46,92,20,20
pojiti,pripojiti,pri,48,96,20,24
bledeti,ubledeti,u,153,459,20,20
ređati,naređati,na,155,315,20,20
secati,odsecati,od,6,37,20,25
zvoniti,odzvoniti,od,370,745,20,20
mazati,razmazati,raz,66,397,20,21
letati,zaletati,za,5,60,20,20
mazati,zamazati,za,66,397,20,20
treptati,zatreptati,za,188,190,20,20
kuvati,zakuvati,za,221,249,20,20
sedati,nasedati,na,224,1346,20,21
mešati,promešati,pro,717,2200,20,27
gurati,progurati,pro,620,4365,20,24
viditi,providiti,pro,12663,25581,20,21
piti,propiti,pro,1844,7435,20,20
vrpoljiti,uzvrpoljiti,uz,60,60,20,20
naći,iznaći,iz,6553,13922,20,28
voziti,dovoziti,do,857,4422,20,27
saditi,presaditi,pre,41,214,20,22
hraniti,prehraniti,pre,406,1653,20,23
ispitivati,preispitivati,pre,507,518,20,38
videti,privideti,pri,10954,78196,20,20
šuštati,zašuštati,za,86,86,19,19
postaviti,zapostaviti,za,1375,2027,19,21
oštriti,naoštriti,na,28,84,19,19
klesati,uklesati,u,11,13,19,20
lepršati,odlepršati,od,121,243,19,19
graditi,pregraditi,pre,543,4169,19,20
mileti,izmileti,iz,13,26,19,19
umirati,izumirati,iz,510,1051,19,19
sloviti,prosloviti,pro,15,47,19,19
tanjiti,utanjiti,u,70,71,19,19
metati,zametati,za,125,1376,19,21
pucketati,zapucketati,za,102,102,19,19
prljati,zaprljati,za,60,122,19,19
mreškati,namreškati,na,17,17,19,19
krkljati,zakrkljati,za,59,59,19,19
klimati,zaklimati,za,227,228,19,19
ostavljati,izostavljati,iz,1609,1765,19,24
čuti,pričuti,pri,10341,62563,19,19
stizati,prestizati,pre,791,3348,19,21
ležati,preležati,pre,2671,5517,19,20
veličati,uveličati,u,63,66,19,47
dirati,izdirati,iz,285,1149,19,19
tovariti,utovariti,u,79,239,19,24
gnječiti,prignječiti,pri,81,164,18,18
usmeriti,preusmeriti,pre,177,278,18,39
okretati,zaokretati,za,1538,3130,18,20
plivati,doplivati,do,393,1200,18,18
temeljiti,utemeljiti,u,27,32,18,21
leteti,saleteti,sa,242,2665,18,18
tutnjati,protutnjati,pro,34,34,18,19
tkati,utkati,u,47,236,18,22
liti,doliti,do,96,961,18,19
dirati,zadirati,za,285,1149,18,27
tucati,natucati,na,48,96,18,18
nuti,sunuti,su,7,18,18,18
kupovati,nakupovati,na,470,635,18,18
trčati,zatrčati,za,1327,7978,18,18
mahnuti,izmahnuti,iz,289,869,18,18
svetiti,prosvetiti,pro,218,222,18,19
sećati,dosećati,do,2475,7505,18,36
testirati,protestirati,pro,5,105,18,18
ovladavati,preovladavati,pre,6,9,18,42
visiti,nadvisiti,nad,1019,3061,18,18
mrsiti,promrsiti,pro,65,197,18,18
šetati,ušetati,u,805,2452,17,17
uživati,nauživati,na,1503,3630,17,18
taložiti,nataložiti,na,51,54,17,18
kazati,prokazati,pro,16617,101685,17,17
svirati,prosvirati,pro,863,2679,17,17
turati,proturati,pro,26,106,17,17
uzimati,izuzimati,iz,1280,9133,17,22
jebati,zajebati,za,131,132,17,17
lečiti,zalečiti,za,278,603,17,18
mucati,zamucati,za,188,376,17,17
buniti,zabuniti,za,302,913,17,17
patiti,zapatiti,za,692,2781,17,17
upitati,priupitati,pri,5950,11933,17,18
peniti,zapeniti,za,23,23,17,17
taknuti,utaknuti,u,65,195,17,17
tabati,utabati,u,24,24,17,20
blagodariti,zablagodariti,za,67,67,17,17
postavljati,zapostavljati,za,577,963,17,21
peći,upeći,u,313,1286,17,17
ploviti,doploviti,do,308,994,17,18
gledati,dogledati,do,11256,135464,17,17
secati,zasecati,za,6,37,17,19
stideti,zastideti,za,155,155,17,17
suditi,dosuditi,do,750,3050,17,17
jesti,izjesti,iz,2096,4264,17,17
ustavljati,obustavljati,ob,10,30,17,27
brojati,odbrojati,od,302,1276,17,17
živiti,uživiti,u,2749,8292,17,17
želeti,uželeti,u,3165,9208,17,18
uzimati,poduzimati,pod,1280,9133,17,26
luditi,izluditi,iz,246,498,17,17
goreti,pregoreti,pre,551,4409,17,18
blenuti,zablenuti,za,36,36,17,17
gasnuti,ugasnuti,u,23,23,17,17
skočiti,naskočiti,na,982,6922,17,17
šunjati,prišunjati,pri,50,150,17,17
patiti,prepatiti,pre,692,2781,17,17
uveličati,preuveličati,pre,19,47,17,17
huškati,nahuškati,na,9,9,17,18
općiti,saopćiti,sa,6,13,16,26
magarčiti,namagarčiti,na,14,14,16,16
krstariti,prokrstariti,pro,67,75,16,17
venuti,provenuti,pro,38,76,16,16
iskriti,zaiskriti,za,23,23,16,16
mahati,zamahati,za,547,1096,16,16
ćaskati,proćaskati,pro,159,162,16,17
dvoriti,dodvoriti,do,69,69,16,18
rušiti,urušiti,u,322,1627,16,22
mamiti,domamiti,do,215,1076,16,16
faliti,zafaliti,za,171,194,16,16
pasati,napasati,na,29,30,16,16
lučiti,ulučiti,u,38,120,16,16
gađati,ugađati,u,236,954,16,16
ići,uzići,uz,9434,57248,16,16
brisati,ubrisati,u,492,1544,16,16
dojiti,zadojiti,za,58,59,16,16
ridati,zaridati,za,36,36,16,16
jaloviti,izjaloviti,iz,8,8,16,16
vibrirati,zavibrirati,za,27,31,16,16
ovladati,preovladati,pre,98,125,16,17
nagliti,prenagliti,pre,6,6,16,16
mrcvariti,izmrcvariti,iz,17,17,16,16
rezati,podrezati,pod,79,791,16,16
okrenuti,izokrenuti,iz,3751,11333,16,16
kockati,prokockati,pro,108,110,16,16
parirati,preparirati,pre,11,25,16,17
trpiti,pretrpiti,pre,233,238,16,19
drešiti,razdrešiti,raz,16,16,15,15
žderati,prožderati,pro,47,47,15,15
pevati,propevati,pro,1235,2532,15,15
meškoljiti,promeškoljiti,pro,35,35,15,15
curiti,procuriti,pro,177,181,15,18
luditi,zaluditi,za,246,498,15,15
borati,izborati,iz,71,142,15,15
škiljiti,zaškiljiti,za,17,17,15,15
lagati,prilagati,pri,732,5866,15,32
pomenuti,pripomenuti,pri,711,1554,15,15
praviti,pripraviti,pri,1783,7387,15,17
vezati,obvezati,ob,1111,7803,15,19
bolovati,odbolovati,od,196,207,15,16
negovati,odnegovati,od,228,346,15,15
grejati,podgrejati,pod,183,747,15,17
kipeti,prekipeti,pre,8,8,15,15
množiti,namnožiti,na,59,123,15,15
patiti,napatiti,na,692,2781,15,15
kapirati,ukapirati,u,17,18,15,15
ticati,naticati,na,1501,10978,15,15
piškiti,upiškiti,u,48,48,15,15
gasiti,zagasiti,za,419,844,15,16
kaniti,nakaniti,na,37,37,15,15
lickati,nalickati,na,8,8,15,15
popiti,zapopiti,za,982,995,15,15
turiti,naturiti,na,62,372,15,16
svetliti,zasvetliti,za,160,320,15,15
meriti,razmeriti,raz,155,1361,15,17
vikati,izvikati,iz,2049,8201,15,15
lagati,razlagati,raz,732,5866,14,30
strujiti,prostrujiti,pro,99,99,14,14
mekšati,umekšati,u,13,26,14,14
rastati,zarastati,za,373,2258,14,14
brundati,zabrundati,za,23,23,14,14
kretati,zakretati,za,1768,2131,14,18
lizati,zalizati,za,155,466,14,14
sejati,zasejati,za,89,94,14,15
laknuti,odlaknuti,od,68,70,14,14
metati,izmetati,iz,125,1376,14,14
vežbati,izvežbati,iz,117,278,14,14
vesti,podvesti,pod,48,539,14,14
kopati,prekopati,pre,303,1526,14,14
raditi,preraditi,pre,7532,64503,14,33
računati,preračunati,pre,456,2707,14,16
slikati,preslikati,pre,236,726,14,14
uveličavati,preuveličavati,pre,30,31,14,14
spavati,prospavati,pro,3002,15366,14,14
stenjati,prostenjati,pro,111,222,14,14
mašiti,domašiti,do,215,861,14,14
birati,ubirati,u,474,3615,14,17
mlatiti,umlatiti,u,60,241,14,14
kriviti,zakriviti,za,343,703,14,14
gruvati,ugruvati,u,12,12,14,14
hraniti,uhraniti,u,406,1653,14,14
seći,naseći,na,246,1970,14,14
kucati,ukucati,u,329,1323,14,16
tjerati,natjerati,na,6,16,14,25
sloviti,usloviti,u,15,47,14,51
odenuti,zaodenuti,za,229,459,14,14
kloniti,sakloniti,sa,68,344,14,14
voziti,uvoziti,u,857,4422,14,26
vrebati,uvrebati,u,167,177,14,14
rešavati,razrešavati,raz,227,402,14,25
laziti,uzlaziti,uz,11,111,13,13
mrskati,razmrskati,raz,19,19,13,13
mahati,razmahati,raz,547,1096,13,14
levati,razlevati,raz,42,42,13,13
igrati,razigrati,raz,2814,20305,13,20
davati,razdavati,raz,2395,22346,13,13
ukrštati,izukrštati,iz,94,105,13,13
seći,proseći,pro,246,1970,13,13
kopati,prokopati,pro,303,1526,13,13
boraviti,proboraviti,pro,356,1058,13,13
štedeti,prištedeti,pri,54,110,13,13
grabiti,prigrabiti,pri,199,998,13,17
živjeti,preživjeti,pre,127,422,13,32
znojiti,preznojiti,pre,254,254,13,13
staviti,prestaviti,pre,2536,15573,13,15
slušati,preslušati,pre,4092,16590,13,15
sipati,presipati,pre,257,794,13,13
rediti,razrediti,raz,20,200,13,15
učestvovati,saučestvovati,sa,603,2277,13,19
vrstati,razvrstati,raz,8,8,13,20
udariti,podudariti,pod,1155,1191,13,14
mazati,podmazati,pod,66,397,13,15
lomiti,odlomiti,od,281,1693,13,13
voziti,odvoziti,od,857,4422,13,19
nakaziti,iznakaziti,iz,8,16,13,13
slušati,odslušati,od,4092,16590,13,14
lepiti,izlepiti,iz,125,884,13,14
tješiti,utješiti,u,6,6,13,13
treskati,zatreskati,za,23,24,13,13
huktati,zahuktati,za,45,45,13,16
letati,doletati,do,5,60,13,13
imati,doimati,do,29631,130463,13,15
živeti,uživeti,u,2266,17078,13,13
padati,prepadati,pre,2594,18264,13,13
meriti,premeriti,pre,155,1361,13,13
vikati,nadvikati,nad,2049,8201,13,13
sladiti,nasladiti,na,32,65,13,13
cakliti,zacakliti,za,48,49,13,13
valjati,uvaljati,u,1405,1441,13,14
škrabati,naškrabati,na,12,12,13,13
moliti,umoliti,u,2871,14368,13,14
ciljati,naciljati,na,135,149,13,13
gurati,nagurati,na,620,4365,13,13
ceniti,uceniti,u,235,967,13,13
ceriti,naceriti,na,50,50,13,13
ružiti,naružiti,na,25,38,13,13
kidati,zakidati,za,250,752,13,13
pomoći,pripomoći,pri,1807,3086,12,14
trnuti,protrnuti,pro,52,156,12,12
viđati,previđati,pre,680,2756,12,21
računiti,proračuniti,pro,26,28,12,12
metati,prometati,pro,125,1376,12,12
mrljati,zamrljati,za,16,32,12,12
žeti,užeti,u,1995,5985,12,12
grnuti,zagrnuti,za,8,40,12,12
crniti,zacrniti,za,34,34,12,12
sedati,usedati,u,224,1346,12,12
teći,nateći,na,826,5048,12,12
platiti,uplatiti,u,1147,3717,12,91
sesti,usesti,u,2497,4995,12,12
puderisati,napuderisati,na,8,9,12,12
delovati,sudelovati,su,1537,1953,12,15
motati,namotati,na,185,1111,12,12
prsnuti,naprsnuti,na,283,283,12,12
cvrkutati,zacvrkutati,za,40,80,12,12
pešačiti,prepešačiti,pre,54,63,12,13
naglasiti,prenaglasiti,pre,192,1093,12,12
maštati,izmaštati,iz,281,295,12,14
gurati,odgurati,od,620,4365,12,12
vetriti,izvetriti,iz,26,53,12,12
rastati,izrastati,iz,373,2258,12,13
ranjaviti,izranjaviti,iz,5,5,12,12
čuti,dočuti,do,10341,62563,12,12
derati,izderati,iz,245,735,12,13
zvečati,zazvečati,za,26,26,12,12
vrištati,zavrištati,za,197,198,12,12
svetlucati,zasvetlucati,za,146,149,12,12
stiditi,zastiditi,za,259,266,12,12
rezati,zarezati,za,79,791,12,12
oštriti,zaoštriti,za,28,84,12,15
mrziti,zamrziti,za,21,35,12,12
liti,podliti,pod,96,961,11,11
ceniti,preceniti,pre,235,967,11,12
tkati,pretkati,pre,47,236,11,11
zdraviti,prezdraviti,pre,136,272,11,11
kratiti,prikratiti,pri,23,47,11,11
gegati,odgegati,od,42,84,11,11
lizati,oblizati,ob,155,466,11,11
glačati,izglačati,iz,17,35,11,11
oružati,oboružati,ob,11,33,11,11
škripiti,zaškripiti,za,102,102,11,13
ljubiti,obljubiti,ob,1005,5033,11,12
lepiti,oblepiti,ob,125,884,11,11
pržiti,zapržiti,za,80,92,11,11
prečiti,zaprečiti,za,22,44,11,11
močiti,zamočiti,za,20,60,11,11
komplikovati,zakomplikovati,za,39,51,11,14
ribati,izribati,iz,40,41,11,11
šetati,odšetati,od,805,2452,11,12
lokati,izlokati,iz,40,96,11,11
recitovati,odrecitovati,od,87,180,11,11
goniti,odgoniti,od,484,3398,11,11
osećati,saosećati,sa,6516,6996,11,17
odenuti,razodenuti,raz,229,459,11,11
hvatati,dohvatati,do,984,3948,11,11
krijumčariti,prokrijumčariti,pro,13,21,11,11
ključati,proključati,pro,93,188,11,12
stojati,pristojati,pri,36,140,11,11
mahnuti,razmahnuti,raz,289,869,11,12
dati,razdati,raz,5896,54495,11,11
vjeriti,provjeriti,pro,30,60,11,185
tkati,protkati,pro,47,236,11,11
sediti,prosediti,pro,1849,1888,11,11
rotiti,urotiti,u,26,26,11,12
turati,naturati,na,26,106,11,12
kvasiti,ukvasiti,u,62,124,11,11
glancati,uglancati,u,14,29,11,11
mračiti,namračiti,na,29,58,11,11
legati,nalegati,na,26,82,11,11
kazati,nakazati,na,16617,101685,11,12
kalemiti,nakalemiti,na,13,13,11,11
hvaliti,nahvaliti,na,365,741,11,12
goreti,zagoreti,za,551,4409,11,11
brojiti,ubrojiti,u,230,960,11,11
imati,zaimati,za,29631,130463,11,11
hrkati,zahrkati,za,74,74,11,11
hladiti,zahladiti,za,110,230,11,11
prostiti,uprostiti,u,149,166,11,11
tiskati,utiskati,u,115,230,11,11
vrdati,izvrdati,iz,14,14,10,11
rešetati,izrešetati,iz,9,18,10,10
tužiti,dotužiti,do,167,200,10,10
stajati,dostajati,do,6069,48949,10,10
brusiti,izbrusiti,iz,19,41,10,11
batinati,izbatinati,iz,54,54,10,10
tamniti,zatamniti,za,219,219,10,10
skičati,zaskičati,za,13,13,10,10
rediti,zarediti,za,20,200,10,10
peći,zapeći,za,313,1286,10,12
ogrtati,zaogrtati,za,11,11,10,10
odevati,zaodevati,za,59,118,10,10
žeći,sažeći,sa,36,108,10,10
strugati,sastrugati,sa,61,61,10,10
uveravati,razuveravati,raz,389,403,10,10
očaravati,razočaravati,raz,43,47,10,10
sedati,prosedati,pro,224,1346,10,10
plakati,proplakati,pro,1782,3579,10,10
birati,probirati,pro,474,3615,10,10
tkati,pritkati,pri,47,236,10,10
stavljati,ustavljati,u,934,5825,10,30
veriti,uzveriti,uz,100,401,10,10
beleti,zabeleti,za,57,59,10,10
duvati,zaduvati,za,387,1174,10,10
seći,podseći,pod,246,1970,10,12
domišljati,predomišljati,pre,16,16,10,10
čuti,prečuti,pre,10341,62563,10,11
meriti,primeriti,pri,155,1361,10,11
cvokotati,zacvokotati,za,91,92,10,10
glasati,nadglasati,nad,228,587,10,10
vrbovati,zavrbovati,za,18,21,10,10
močiti,namočiti,na,20,60,10,11
ganuti,uganuti,u,148,150,10,11
sititi,nasititi,na,18,36,10,11
mastiti,umastiti,u,67,145,10,10
prazniti,uprazniti,u,241,241,10,10
kolutati,zakolutati,za,62,63,10,10
kotrljati,zakotrljati,za,161,325,10,10
kreštati,zakreštati,za,47,47,10,10
mjeriti,zamjeriti,za,36,79,10,11
tovariti,pretovariti,pre,79,239,9,9
stavljati,prestavljati,pre,934,5825,9,12
krojiti,prekrojiti,pre,34,36,9,9
goniti,pregoniti,pre,484,3398,9,9
mekšati,razmekšati,raz,13,26,9,9
grabiti,razgrabiti,raz,199,998,9,9
krvariti,prokrvariti,pro,75,156,9,10
kisnuti,prokisnuti,pro,11,11,9,9
venčati,privenčati,pri,253,262,9,9
stavljati,pristavljati,pri,934,5825,9,9
mamiti,primamiti,pri,215,1076,9,10
daviti,pridaviti,pri,287,873,9,9
žvrljati,nažvrljati,na,8,9,9,9
turiti,uturiti,u,62,372,9,9
napredovati,uznapredovati,uz,313,487,9,11
vitlati,uzvitlati,uz,121,242,9,9
dimiti,zadimiti,za,88,88,9,9
sladiti,zasladiti,za,32,65,9,15
lagati,oblagati,ob,732,5866,9,13
škrgutati,zaškrgutati,za,30,30,9,9
reći,ureći,u,32340,196862,9,11
resiti,uresiti,u,25,26,9,9
okruživati,zaokruživati,za,307,344,9,24
koričiti,ukoričiti,u,8,8,9,9
oblačiti,naoblačiti,na,347,703,9,9
moliti,namoliti,na,2871,14368,9,9
micati,namicati,na,387,3097,9,9
beliti,nabeliti,na,28,85,9,9
deliti,izdeliti,iz,844,3603,9,9
vijati,obvijati,ob,60,722,9,9
skakutati,doskakutati,do,166,332,9,9
letati,odletati,od,5,60,9,11
sanjati,odsanjati,od,1217,1252,9,9
mlatiti,izmlatiti,iz,60,241,9,9
voziti,izvoziti,iz,857,4422,9,40
govoriti,podgovoriti,pod,13834,139978,9,9
mrdati,razmrdati,raz,101,104,9,11
žvakati,sažvakati,sa,251,253,9,9
vređati,izvređati,iz,286,305,9,9
napiti,podnapiti,pod,182,367,9,9
gutati,nagutati,na,368,738,9,9
mrviti,izmrviti,iz,72,72,9,9
uhvatiti,poduhvatiti,pod,2470,5019,9,15
pustiti,pripustiti,pri,2341,16513,8,8
čeprkati,pročeprkati,pro,63,63,8,8
graditi,razgraditi,raz,543,4169,8,13
lupati,razlupati,raz,397,795,8,8
ložiti,razložiti,raz,97,874,8,20
baviti,probaviti,pro,1006,7505,8,9
cijeniti,procijeniti,pro,33,43,8,15
goreti,progoreti,pro,551,4409,8,8
studirati,prostudirati,pro,219,350,8,10
prodati,preprodati,pre,602,1363,8,10
grnuti,prigrnuti,pri,8,40,8,8
pitati,pripitati,pri,6008,18292,8,8
vidati,zavidati,za,60,120,8,8
svetleti,zasvetleti,za,56,60,8,8
pištati,zapištati,za,53,106,8,8
piljiti,zapiljiti,za,205,410,8,8
pakovati,zapakovati,za,56,145,8,8
njištati,zanjištati,za,19,19,8,8
kovitlati,zakovitlati,za,51,51,8,8
jaukati,zajaukati,za,82,82,8,8
crtati,zacrtati,za,103,433,8,14
bleštiti,zableštiti,za,43,43,8,8
letiti,doletiti,do,598,4208,8,8
goniti,dogoniti,do,484,3398,8,8
šivati,ušivati,u,10,33,8,9
peći,prepeći,pre,313,1286,8,8
mašiti,premašiti,pre,215,861,8,50
kucati,prekucati,pre,329,1323,8,8
komandovati,prekomandovati,pre,98,111,8,8
secati,podsecati,pod,6,37,8,10
šmrknuti,ušmrknuti,u,15,15,8,8
vidati,izvidati,iz,60,120,8,8
rovati,izrovati,iz,16,48,8,8
opštiti,izopštiti,iz,30,90,8,8
učiti,odučiti,od,1173,8449,8,8
umirati,odumirati,od,510,1051,8,9
masirati,izmasirati,iz,50,56,8,8
turati,doturati,do,26,106,8,8
glancati,izglancati,iz,14,29,8,9
rubiti,obrubiti,ob,5,10,8,8
živeti,zaživeti,za,2266,17078,8,21
žmirkati,zažmirkati,za,149,149,8,8
rastati,dorastati,do,373,2258,8,8
vredeti,zavredeti,za,246,259,8,8
šeprtljati,ušeprtljati,u,12,12,8,8
vlažiti,navlažiti,na,29,31,8,14
vrteti,uzvrteti,uz,334,1014,8,8
đubriti,nađubriti,na,12,13,8,8
siriti,usiriti,u,150,156,8,8
trljati,natrljati,na,237,476,8,8
raniti,uraniti,u,285,575,8,16
vikati,navikati,na,2049,8201,8,8
militi,umiliti,u,41,41,8,8
krcati,nakrcati,na,8,16,8,8
kreveljiti,nakreveljiti,na,39,39,8,8
marširati,umarširati,u,56,69,8,8
igrati,nadigrati,nad,2814,20305,8,11
buljiti,izbuljiti,iz,83,84,7,7
žeći,zažeći,za,36,108,7,7
beliti,izbeliti,iz,28,85,7,7
prijeti,doprijeti,do,29,32,7,9
kvariti,ukvariti,u,183,187,7,7
sapunjati,nasapunjati,na,9,9,7,7
prskati,uprskati,u,60,62,7,7
računati,uračunati,u,456,2707,7,20
secati,usecati,u,6,37,7,7
zidati,nazidati,na,305,1223,7,7
sitniti,usitniti,u,20,21,7,10
smrdeti,usmrdeti,u,147,148,7,7
čitati,načitati,na,2974,9076,7,7
žuljati,nažuljati,na,20,21,7,7
trpati,utrpati,u,76,305,7,7
veseliti,uveseliti,u,254,509,7,7
mutiti,uzmutiti,uz,115,236,7,7
vinuti,uzvinuti,uz,83,83,7,7
cvrčati,zacvrčati,za,37,37,7,7
drmati,zadrmati,za,45,138,7,7
govoriti,zagovoriti,za,13834,139978,7,7
graditi,zagraditi,za,543,4169,7,7
metati,dometati,do,125,1376,7,7
jemčiti,zajemčiti,za,33,35,7,8
misliti,domisliti,do,11168,79097,7,15
kukurikati,zakukurikati,za,29,29,7,7
lelujati,zalelujati,za,79,79,7,8
penušati,zapenušati,za,8,8,7,7
pevušiti,zapevušiti,za,155,156,7,7
ređati,zaređati,za,155,315,7,7
senčiti,zasenčiti,za,13,13,7,7
igrati,obigrati,ob,2814,20305,7,7
kljukati,nakljukati,na,27,28,7,7
debljati,udebljati,u,10,10,7,7
jahati,ujahati,u,568,3976,7,7
rumeniti,narumeniti,na,99,200,7,7
birati,razbirati,raz,474,3615,7,7
šištati,prošištati,pro,33,33,7,7
češljati,pročešljati,pro,133,266,7,7
tutnjiti,protutnjiti,pro,55,111,7,7
secati,prosecati,pro,6,37,7,7
njuškati,pronjuškati,pro,60,61,7,7
nicati,pronicati,pro,178,363,7,7
mašati,promašati,pro,10,10,7,7
disati,prodisati,pro,784,3167,7,7
diskutovati,prodiskutovati,pro,35,147,7,11
cvrkutati,procvrkutati,pro,40,80,7,7
šivati,prišivati,pri,10,33,7,7
peći,pripeći,pri,313,1286,7,7
gledati,prigledati,pri,11256,135464,7,7
doći,pridoći,pri,11147,13489,7,7
dodavati,pridodavati,pri,604,1434,7,8
stupiti,prestupiti,pre,452,2866,7,7
sedati,presedati,pre,224,1346,7,9
platiti,preplatiti,pre,1147,3717,7,7
otimati,preotimati,pre,372,377,7,7
čitati,dočitati,do,2974,9076,7,7
riti,podriti,pod,75,300,7,10
buniti,podbuniti,pod,302,913,7,7
javiti,odjaviti,od,1382,8457,7,33
viđati,izviđati,iz,680,2756,7,7
uvijati,izuvijati,iz,157,316,7,7
riti,izriti,iz,75,300,7,7
puniti,sapuniti,sa,347,1415,7,8
gnjiti,sagnjiti,sa,16,16,7,7
videti,razvideti,raz,10954,78196,7,7
rovati,razrovati,raz,16,48,7,7
graničiti,razgraničiti,raz,49,70,7,9
uživati,oduživati,od,1503,3630,7,7
slikati,odslikati,od,236,726,7,7
skakutati,odskakutati,od,166,332,7,7
šunjati,došunjati,do,50,150,7,7
masakrirati,izmasakrirati,iz,8,9,7,7
momčiti,zamomčiti,za,78,78,6,6
lomiti,zalomiti,za,281,1693,6,7
maskirati,zamaskirati,za,29,32,6,10
brujati,zabrujati,za,39,40,6,7
brazditi,zabrazditi,za,19,19,6,6
kotrljati,dokotrljati,do,161,325,6,6
ličiti,zaličiti,za,2067,6252,6,6
kričati,zakričati,za,32,32,6,6
jamčiti,zajamčiti,za,39,61,6,10
groktati,zagroktati,za,8,8,6,6
graktati,zagraktati,za,26,26,6,6
opštiti,uopštiti,u,30,90,6,6
slijediti,naslijediti,na,23,118,6,10
kovrdžati,ukovrdžati,u,13,13,6,6
rezati,narezati,na,79,791,6,7
kiseliti,ukiseliti,u,19,20,6,6
razgovarati,narazgovarati,na,2930,3765,6,6
pjev,napjev,na,12,12,6,6
buđati,ubuđati,u,6,6,6,6
kačiti,nakačiti,na,46,139,6,6
goreti,nagoreti,na,551,4409,6,7
gnječiti,nagnječiti,na,81,164,6,6
štaviti,uštaviti,u,5,5,6,6
tovar,utovar,u,129,129,6,6
tapkati,utapkati,u,50,52,6,7
saglasiti,usaglasiti,u,49,188,6,32
predati,upredati,u,1154,2468,6,6
pajati,zapajati,za,7,14,6,6
posedati,zaposedati,za,64,64,6,8
prašiti,zaprašiti,za,7,9,6,6
redati,zaredati,za,412,825,6,6
svrbeti,zasvrbeti,za,30,30,6,6
uzdavati,zauzdavati,za,26,78,6,6
veslati,zaveslati,za,74,74,6,6
puzati,dopuzati,do,57,58,6,6
vijoriti,zavijoriti,za,74,74,6,6
zveckati,zazveckati,za,51,51,6,6
bičevati,izbičevati,iz,38,38,6,6
reći,doreći,do,32340,196862,6,6
raniti,obraniti,ob,285,575,6,7
drkati,izdrkati,iz,8,8,6,6
glasati,izglasati,iz,228,587,6,20
gnjaviti,izgnjaviti,iz,85,171,6,6
goniti,izgoniti,iz,484,3398,6,6
grnuti,odgrnuti,od,8,40,6,6
teći,doteći,do,826,5048,6,6
reagovati,odreagovati,od,232,468,6,9
živjeti,doživjeti,do,127,422,6,20
opijati,izopijati,iz,131,134,6,6
redati,izredati,iz,412,825,6,6
vedriti,izvedriti,iz,44,89,6,6
baciti,podbaciti,pod,2546,20423,6,7
jariti,podjariti,pod,16,32,6,6
gurati,pregurati,pre,620,4365,6,8
kaliti,prekaliti,pre,16,17,6,6
oblikovati,preoblikovati,pre,110,313,6,13
okretati,preokretati,pre,1538,3130,6,6
savijati,presavijati,pre,225,454,6,6
testerisati,pretesterisati,pre,7,7,6,6
uraniti,preuraniti,pre,8,16,6,6
uređivati,preuređivati,pre,98,284,6,6
dobijati,pridobijati,pri,755,2248,6,9
dolaziti,pridolaziti,pri,4696,10436,6,6
igrati,proigrati,pro,2814,20305,6,6
kazivati,prokazivati,pro,567,2838,6,6
pištati,propištati,pro,53,106,6,6
rešetati,prorešetati,pro,9,18,6,6
vodati,provodati,pro,19,19,6,6
šišati,prošišati,pro,39,83,6,6
živjeti,proživjeti,pro,127,422,6,7
juriti,razjuriti,raz,730,3664,6,6
listati,razlistati,raz,100,311,6,6
odevati,razodevati,raz,59,118,6,6
umiti,razumiti,raz,186,562,6,14
lomiti,salomiti,sa,281,1693,6,6
prezati,uprezati,u,48,99,5,5
skladištiti,uskladištiti,u,19,32,5,8
soliti,usoliti,u,41,43,5,5
tucati,utucati,u,48,96,5,5
gegati,dogegati,do,42,84,5,5
batrgati,zabatrgati,za,57,59,5,5
belasati,zabelasati,za,51,52,5,5
videti,provideti,pro,10954,78196,5,5
dužiti,razdužiti,raz,41,170,5,5
duvati,razduvati,raz,387,1174,5,5
rezati,razrezati,raz,79,791,5,5
mariti,samariti,sa,420,426,5,10
vonjati,zavonjati,za,55,55,5,5
zvrjati,zazvrjati,za,16,16,5,5
zoriti,zazoriti,za,71,71,5,5
šivati,zašivati,za,10,33,5,6
krpati,zakrpati,za,97,98,5,5
krvariti,zakrvariti,za,75,156,5,5
klatiti,zaklatiti,za,137,139,5,5
beliti,zabeliti,za,28,85,5,5
šuškati,zašuškati,za,68,136,5,5
drobiti,izdrobiti,iz,24,25,5,5
mamiti,odmamiti,od,215,1076,5,5
miti,izmiti,iz,346,1041,5,5
ložiti,podložiti,pod,97,874,5,5
rovati,podrovati,pod,16,48,5,5
defilovati,prodefilovati,pro,16,16,5,5
drmusati,prodrmusati,pro,51,51,5,5
zidati,dozidati,do,305,1223,5,5
nicati,iznicati,iz,178,363,5,5
varati,izvarati,iz,506,1026,5,5
lokati,podlokati,pod,40,96,5,5
fućkati,profućkati,pro,26,26,5,5
tutnjiti,zatutnjiti,za,55,111,5,5
toptati,zatoptati,za,7,7,5,5
svoditi,zasvoditi,za,169,220,5,5
mastiti,zamastiti,za,67,145,5,5
mrzeti,zamrzeti,za,850,856,5,5
pljuštati,zapljuštati,za,53,55,5,5
puštati,zapuštati,za,786,4759,5,5
tegliti,protegliti,pro,61,61,5,5
rezati,prorezati,pro,79,791,5,5
listati,prolistati,pro,100,311,5,6
knjižiti,proknjižiti,pro,24,27,5,6
vajati,podvajati,pod,15,45,5,5
vezati,podvezati,pod,1111,7803,5,5
voditi,podvoditi,pod,5046,56924,5,7
brisati,prebrisati,pre,492,1544,5,10
farbati,prefarbati,pre,18,22,5,6
grejati,pregrejati,pre,183,747,5,6
imenovati,preimenovati,pre,116,334,5,13
kapati,prekapati,pre,197,197,5,5
oblačiti,preoblačiti,pre,347,703,5,5
riti,preriti,pre,75,300,5,5
spojiti,prespojiti,pre,239,314,5,5
udesiti,preudesiti,pre,216,434,5,5
učiti,preučiti,pre,1173,8449,5,5
vaspitati,prevaspitati,pre,94,95,5,5
kucati,prikucati,pri,329,1323,5,6
skakati,priskakati,pri,509,2042,5,5
običavati,uobičavati,u,85,85,5,5
obručiti,uobručiti,u,6,6,5,5
pišati,upišati,u,75,76,5,5
pljuvati,upljuvati,u,131,132,5,5
bediti,nabediti,na,12,24,5,5
bubriti,nabubriti,na,24,24,5,9
lepiti,nalepiti,na,125,884,5,9
ljubiti,naljubiti,na,1005,5033,5,5
mlatiti,namlatiti,na,60,241,5,5
plaviti,naplaviti,na,101,206,5,5
fitiljiti,ufitiljiti,u,11,11,5,5
gnjaviti,ugnjaviti,u,85,171,5,6
putovati,naputovati,na,1115,3580,5,5
kalupiti,ukalupiti,u,10,11,5,6
kovati,ukovati,u,114,344,5,5
kresati,ukresati,u,29,30,5,5
ljuljati,uljuljati,u,257,522,5,5
metati,umetati,u,125,1376,5,8
miješati,umiješati,u,7,14,5,7
smijati,nasmijati,na,63,64,5,6
