base_verb,base_frequency,derivatives_count,derivatives_examples
vesti,11,15,na+vesti (780); do+vesti (638); pro+vesti (278); u+vesti (248); iz+vesti (196); po+vesti (126); od+vesti (61); pre+vesti (52); s+vesti (42); pri+vesti (28) ... и еще 5
neti,1,14,pod+neti (982); do+neti (841); pre+neti (281); iz+neti (215); u+neti (95); po+neti (81); na+neti (61); od+neti (49); s+neti (3); nad+neti (1) ... и еще 4
biti,197977,13,do+biti (2440); od+biti (173); u+biti (92); pro+biti (24); iz+biti (20); raz+biti (20); na+biti (5); po+biti (5); za+biti (2); o+biti (2) ... и еще 3
nositi,599,13,od+nositi (1072); iz+nositi (693); do+nositi (601); pre+nositi (280); pod+nositi (140); u+nositi (100); na+nositi (85); s+nositi (79); po+nositi (53); pri+nositi (8) ... и еще 3
gledati,392,13,po+gledati (1049); iz+gledati (305); o+gledati (199); pre+gledati (138); sa+gledati (111); nad+gledati (51); u+gledati (48); raz+gledati (13); od+gledati (7); za+gledati (4) ... и еще 3
rasti,192,13,od+rasti (185); po+rasti (129); pre+rasti (51); iz+rasti (28); na+rasti (18); za+rasti (11); ob+rasti (9); o+rasti (6); pri+rasti (4); s+rasti (3) ... и еще 3
padati,106,13,pri+padati (403); s+padati (227); o+padati (38); do+padati (28); na+padati (22); pro+padati (14); u+padati (8); za+padati (4); ot+padati (2); ras+padati (1) ... и еще 3
dati,1431,11,do+dati (893); na+dati (386); iz+dati (212); pre+dati (160); pro+dati (159); o+dati (100); za+dati (34); u+dati (27); pri+dati (9); uz+dati (3) ... и еще 1
voditi,1418,11,na+voditi (886); do+voditi (323); iz+voditi (261); pro+voditi (169); u+voditi (149); s+voditi (51); pre+voditi (39); za+voditi (10); pri+voditi (8); po+voditi (2) ... и еще 1
pisati,458,11,na+pisati (232); o+pisati (143); u+pisati (143); ras+pisati (76); pro+pisati (23); za+pisati (22); pri+pisati (19); pre+pisati (6); do+pisati (4); po+pisati (3) ... и еще 1
lagati,10,11,u+lagati (208); za+lagati (146); pred+lagati (140); s+lagati (119); iz+lagati (114); po+lagati (53); na+lagati (31); od+lagati (21); pri+lagati (17); raz+lagati (2) ... и еще 1
liti,1,11,pre+liti (10); u+liti (9); ras+liti (8); iz+liti (3); s+liti (3); po+liti (2); na+liti (1); za+liti (1); do+liti (1); pro+liti (1) ... и еще 1
ložiti,1,11,pred+ložiti (333); u+ložiti (204); s+ložiti (148); po+ložiti (110); iz+ložiti (59); pri+ložiti (49); od+ložiti (49); na+ložiti (25); za+ložiti (19); ob+ložiti (12) ... и еще 1
stajati,397,10,po+stajati (464); o+stajati (453); na+stajati (206); pre+stajati (65); sa+stajati (29); pri+stajati (18); u+stajati (12); za+stajati (5); pro+stajati (1); od+stajati (1)
staviti,357,10,na+staviti (1263); pred+staviti (985); po+staviti (652); o+staviti (419); do+staviti (390); sa+staviti (59); su+staviti (8); pre+staviti (2); pri+staviti (1); za+staviti (1)
pustiti,126,10,na+pustiti (227); pro+pustiti (125); pre+pustiti (77); s+pustiti (66); do+pustiti (57); o+pustiti (55); ot+pustiti (25); u+pustiti (25); po+pustiti (21); ras+pustiti (4)
pasti,108,10,u+pasti (79); na+pasti (79); s+pasti (57); pri+pasti (57); do+pasti (33); o+pasti (28); pro+pasti (19); za+pasti (16); ras+pasti (12); ot+pasti (5)
puštati,43,10,s+puštati (49); na+puštati (44); do+puštati (37); o+puštati (23); pro+puštati (20); pre+puštati (12); u+puštati (8); ot+puštati (6); po+puštati (4); ras+puštati (1)
vući,6,10,pri+vući (158); po+vući (147); iz+vući (29); pod+vući (20); pro+vući (4); od+vući (3); do+vući (3); pre+vući (2); raz+vući (2); na+vući (2)
meti,2,10,s+meti (433); u+meti (90); uz+meti (40); o+meti (15); pri+meti (13); do+meti (2); pre+meti (1); iz+meti (1); od+meti (1); po+meti (1)
laziti,1,10,na+laziti (3554); do+laziti (1044); pro+laziti (275); u+laziti (242); iz+laziti (210); pre+laziti (163); od+laziti (163); pri+laziti (32); po+laziti (29); za+laziti (11)
raditi,4247,9,u+raditi (696); iz+raditi (242); za+raditi (56); od+raditi (31); pre+raditi (19); raz+raditi (10); pro+raditi (7); po+raditi (6); do+raditi (3)
kazati,1983,9,po+kazati (1098); u+kazati (560); pri+kazati (294); do+kazati (147); za+kazati (53); ot+kazati (49); o+kazati (2); na+kazati (1); pre+kazati (1)
kupiti,395,9,o+kupiti (283); pri+kupiti (108); sa+kupiti (41); s+kupiti (25); ot+kupiti (24); po+kupiti (20); za+kupiti (17); na+kupiti (5); iz+kupiti (1)
uzeti,218,9,pre+uzeti (516); pred+uzeti (265); za+uzeti (91); od+uzeti (70); pod+uzeti (27); iz+uzeti (13); po+uzeti (8); ob+uzeti (5); pr+uzeti (4)
vezati,26,9,po+vezati (139); u+vezati (5); od+vezati (4); ob+vezati (4); iz+vezati (3); pri+vezati (2); pre+vezati (2); za+vezati (1); pred+vezati (1)
leteti,3,9,od+leteti (5); na+leteti (4); po+leteti (4); iz+leteti (3); uz+leteti (2); u+leteti (2); s+leteti (2); za+leteti (1); pro+leteti (1)
vijati,2,9,raz+vijati (630); od+vijati (306); na+vijati (11); nad+vijati (5); sa+vijati (4); za+vijati (3); u+vijati (2); do+vijati (2); po+vijati (1)
reći,2822,8,iz+reći (35); od+reći (34); po+reći (6); v+reći (5); s+reći (2); u+reći (2); za+reći (1); pro+reći (1)
živeti,1216,8,do+živeti (203); pre+živeti (154); o+živeti (26); za+živeti (13); pro+živeti (11); nad+živeti (2); sa+živeti (1); po+živeti (1)
misliti,921,8,za+misliti (156); po+misliti (98); raz+misliti (87); s+misliti (19); pro+misliti (11); iz+misliti (10); u+misliti (1); do+misliti (1)
davati,791,8,pro+davati (259); do+davati (226); iz+davati (150); pre+davati (99); pri+davati (40); o+davati (30); za+davati (4); u+davati (1)
ići,644,8,ot+ići (335); ob+ići (170); na+ići (92); pr+ići (37); raz+ići (9); s+ići (6); iz+ići (6); v+ići (5)
ticati,471,8,u+ticati (849); po+ticati (230); s+ticati (185); pro+ticati (30); do+ticati (18); o+ticati (5); za+ticati (3); pre+ticati (1)
računati,427,8,iz+računati (40); ob+računati (15); u+računati (13); pro+računati (3); pre+računati (2); za+računati (2); pred+računati (1); raz+računati (1)
graditi,368,8,iz+graditi (303); u+graditi (53); sa+graditi (46); na+graditi (31); o+graditi (8); raz+graditi (5); nad+graditi (1); pre+graditi (1)
stati,141,8,po+stati (1786); o+stati (816); na+stati (570); sa+stati (322); pre+stati (217); pri+stati (46); u+stati (35); za+stati (18)
teći,92,8,s+teći (421); pro+teći (95); po+teći (55); za+teći (41); pri+teći (6); pre+teći (5); o+teći (2); u+teći (1)
baciti,55,8,pre+baciti (84); od+baciti (78); u+baciti (44); iz+baciti (31); na+baciti (5); za+baciti (2); do+baciti (2); pod+baciti (1)
terati,27,8,na+terati (55); o+terati (8); pro+terati (6); pre+terati (2); do+terati (2); pri+terati (1); ras+terati (1); u+terati (1)
maći,22,8,od+maći (10); iz+maći (5); pro+maći (4); po+maći (4); pri+maći (2); za+maći (2); s+maći (1); u+maći (1)
mati,7,8,pri+mati (215); uz+mati (25); pre+mati (4); u+mati (3); s+mati (2); o+mati (2); iz+mati (1); na+mati (1)
seći,2,8,do+seći (23); o+seći (6); po+seći (4); od+seći (3); u+seći (3); pre+seći (3); sa+seći (2); pod+seći (2)
kidati,2,8,u+kidati (35); pre+kidati (24); s+kidati (21); ras+kidati (6); po+kidati (3); ot+kidati (2); do+kidati (2); o+kidati (1)
niti,1,8,do+niti (13); pod+niti (11); s+niti (3); iz+niti (3); od+niti (3); na+niti (1); pre+niti (1); raz+niti (1)
govoriti,1638,7,od+govoriti (376); do+govoriti (114); iz+govoriti (44); pro+govoriti (25); u+govoriti (23); na+govoriti (4); pri+govoriti (2)
baviti,1469,7,o+baviti (385); na+baviti (116); pri+baviti (46); za+baviti (32); iz+baviti (6); do+baviti (1); pro+baviti (1)
vršiti,770,7,za+vršiti (810); iz+vršiti (461); do+vršiti (51); na+vršiti (15); po+vršiti (3); pre+vršiti (1); sa+vršiti (1)
viditi,255,7,u+viditi (32); pred+viditi (27); s+viditi (4); iz+viditi (2); za+viditi (2); pro+viditi (1); pre+viditi (1)
praviti,255,7,na+praviti (817); po+praviti (79); pre+praviti (4); o+praviti (2); pri+praviti (2); ras+praviti (1); u+praviti (1)
zvati,247,7,po+zvati (326); sa+zvati (140); na+zvati (99); pro+zvati (7); pri+zvati (4); do+zvati (3); za+zvati (1)
učiti,238,7,na+učiti (400); ob+učiti (31); pro+učiti (29); v+učiti (19); po+učiti (4); pod+učiti (3); iz+učiti (2)
stavljati,221,7,pred+stavljati (2675); po+stavljati (386); na+stavljati (385); o+stavljati (156); do+stavljati (110); sa+stavljati (26); pre+stavljati (3)
uzimati,173,7,za+uzimati (161); pre+uzimati (139); pred+uzimati (99); od+uzimati (41); pod+uzimati (9); iz+uzimati (5); ob+uzimati (2)
meriti,121,7,po+meriti (50); iz+meriti (21); od+meriti (6); za+meriti (5); na+meriti (4); raz+meriti (2); pri+meriti (1)
stupati,48,7,na+stupati (164); za+stupati (107); po+stupati (95); pri+stupati (58); od+stupati (23); u+stupati (7); pre+stupati (1)
puniti,27,7,po+puniti (123); na+puniti (51); do+puniti (44); pre+puniti (4); sa+puniti (1); pod+puniti (1); s+puniti (1)
letiti,22,7,u+letiti (3); s+letiti (3); pre+letiti (2); na+letiti (2); od+letiti (1); pro+letiti (1); iz+letiti (1)
lažiti,16,7,od+lažiti (32); raz+lažiti (7); u+lažiti (7); iz+lažiti (5); po+lažiti (2); za+lažiti (2); v+lažiti (2)
siti,9,7,pre+siti (7); pri+siti (6); pro+siti (3); za+siti (2); do+siti (1); pr+siti (1); o+siti (1)
miriti,5,7,s+miriti (30); po+miriti (27); iz+miriti (12); u+miriti (9); pod+miriti (8); na+miriti (2); pri+miriti (1)
seti,2,7,pod+seti (17); pre+seti (10); po+seti (5); u+seti (3); do+seti (2); od+seti (1); pri+seti (1)
metati,1,7,na+metati (82); o+metati (39); s+metati (20); nad+metati (14); u+metati (3); za+metati (2); raz+metati (1)
staniti,1,7,o+staniti (15); po+staniti (13); pre+staniti (9); na+staniti (7); u+staniti (1); sa+staniti (1); pri+staniti (1)
činiti,1856,6,u+činiti (834); po+činiti (82); sa+činiti (43); na+činiti (27); za+činiti (20); pri+činiti (8)
pratiti,1050,6,pro+pratiti (8); o+pratiti (5); za+pratiti (3); po+pratiti (1); do+pratiti (1); s+pratiti (1)
vratiti,691,6,po+vratiti (56); uz+vratiti (30); s+vratiti (26); od+vratiti (14); na+vratiti (1); pre+vratiti (1)
igrati,607,6,od+igrati (144); raz+igrati (7); za+igrati (6); po+igrati (3); nad+igrati (3); iz+igrati (1)
stići,448,6,po+stići (403); do+stići (138); pri+stići (46); pod+stići (13); pre+stići (1); su+stići (1)
držati,319,6,o+držati (965); sa+držati (931); po+držati (620); za+držati (237); iz+držati (59); uz+držati (18)
javiti,165,6,ob+javiti (680); iz+javiti (624); pri+javiti (618); po+javiti (356); na+javiti (268); od+javiti (26)
stupiti,154,6,pri+stupiti (317); na+stupiti (129); po+stupiti (50); u+stupiti (36); od+stupiti (14); za+stupiti (1)
držiti,105,6,za+držiti (66); o+držiti (18); po+držiti (18); pri+držiti (1); pro+držiti (1); iz+držiti (1)
kriti,97,6,ot+kriti (563); po+kriti (86); sa+kriti (51); pre+kriti (13); pri+kriti (7); s+kriti (1)
sećati,80,6,o+sećati (480); pod+sećati (232); pri+sećati (29); sa+sećati (1); po+sećati (1); pre+sećati (1)
jesti,72,6,po+jesti (9); s+jesti (5); pre+jesti (2); u+jesti (1); ob+jesti (1); v+jesti (1)
vladati,67,6,sa+vladati (116); o+vladati (27); pre+vladati (12); nad+vladati (8); za+vladati (8); s+vladati (2)
bivati,65,6,do+bivati (35); pro+bivati (7); pre+bivati (4); raz+bivati (3); iz+bivati (1); u+bivati (1)
piti,59,6,u+piti (23); po+piti (13); na+piti (3); pri+piti (2); za+piti (1); ras+piti (1)
setiti,51,6,po+setiti (623); pod+setiti (290); o+setiti (224); pri+setiti (10); do+setiti (5); od+setiti (2)
paliti,50,6,za+paliti (23); u+paliti (15); s+paliti (9); o+paliti (1); po+paliti (1); pri+paliti (1)
skočiti,48,6,pre+skočiti (30); u+skočiti (5); pri+skočiti (3); po+skočiti (1); od+skočiti (1); za+skočiti (1)
stojati,32,6,po+stojati (2993); sa+stojati (617); na+stojati (189); pred+stojati (29); od+stojati (15); za+stojati (1)
gurati,25,6,iz+gurati (5); pro+gurati (4); do+gurati (3); po+gurati (2); pre+gurati (2); u+gurati (1)
sipati,23,6,po+sipati (4); na+sipati (2); za+sipati (2); pro+sipati (1); do+sipati (1); o+sipati (1)
vučiti,19,6,iz+vučiti (30); pri+vučiti (7); od+vučiti (5); u+vučiti (5); raz+vučiti (1); pod+vučiti (1)
pišiti,19,6,u+pišiti (36); na+pišiti (6); o+pišiti (6); za+pišiti (2); pod+pišiti (1); pre+pišiti (1)
rušiti,17,6,s+rušiti (29); na+rušiti (27); u+rušiti (6); po+rušiti (6); ob+rušiti (3); raz+rušiti (2)
topiti,15,6,ras+topiti (10); po+topiti (7); u+topiti (6); o+topiti (3); na+topiti (2); s+topiti (1)
lepiti,9,6,za+lepiti (11); pre+lepiti (11); od+lepiti (7); s+lepiti (5); na+lepiti (4); iz+lepiti (1)
lomiti,7,6,s+lomiti (15); po+lomiti (7); pre+lomiti (6); iz+lomiti (2); za+lomiti (1); do+lomiti (1)
kažiti,6,6,pri+kažiti (24); za+kažiti (18); po+kažiti (14); ot+kažiti (11); u+kažiti (10); do+kažiti (2)
krivati,5,6,po+krivati (200); ot+krivati (169); s+krivati (24); pri+krivati (23); pre+krivati (18); sa+krivati (5)
klanjati,4,6,u+klanjati (79); po+klanjati (36); ot+klanjati (9); s+klanjati (6); za+klanjati (4); pri+klanjati (3)
miti,3,6,pri+miti (426); uz+miti (95); s+miti (28); u+miti (4); pre+miti (2); pod+miti (1)
kazivati,3,6,po+kazivati (702); u+kazivati (490); pri+kazivati (460); do+kazivati (70); za+kazivati (16); ot+kazivati (6)
premiti,2,6,pri+premiti (358); s+premiti (82); o+premiti (30); ot+premiti (4); do+premiti (3); ras+premiti (1)
pustati,1,6,po+pustati (14); do+pustati (4); pre+pustati (2); s+pustati (1); ot+pustati (1); na+pustati (1)
zirati,1,6,nad+zirati (12); na+zirati (11); do+zirati (7); pre+zirati (6); po+zirati (3); za+zirati (1)
secati,1,6,o+secati (8); od+secati (5); pre+secati (3); za+secati (2); pod+secati (2); sa+secati (1)
micati,1,6,po+micati (13); od+micati (9); pro+micati (8); iz+micati (5); pri+micati (3); uz+micati (2)
rezati,1,6,u+rezati (5); iz+rezati (3); pre+rezati (2); od+rezati (1); s+rezati (1); na+rezati (1)
vuciti,1,6,po+vuciti (85); pre+vuciti (5); od+vuciti (5); iz+vuciti (3); raz+vuciti (2); pri+vuciti (1)
moći,17189,5,po+moći (1279); s+moći (3); do+moći (2); od+moći (1); pre+moći (1)
imati,11939,5,ot+imati (5); po+imati (2); do+imati (2); nad+imati (1); u+imati (1)
videti,1518,5,pred+videti (67); u+videti (34); s+videti (24); pre+videti (4); za+videti (1)
naći,816,5,pro+naći (1026); s+naći (32); iz+naći (8); po+naći (1); bez+naći (1)
pitati,268,5,za+pitati (37); u+pitati (33); ras+pitati (8); pro+pitati (2); s+pitati (2)
slušati,222,5,po+slušati (37); sa+slušati (32); pre+slušati (2); od+slušati (1); na+slušati (1)
stizati,184,5,po+stizati (191); do+stizati (55); pri+stizati (13); pre+stizati (2); su+stizati (1)
ležati,175,5,pod+ležati (29); za+ležati (1); od+ležati (1); pre+ležati (1); na+ležati (1)
voziti,137,5,pre+voziti (38); iz+voziti (31); u+voziti (12); do+voziti (7); od+voziti (6)
braniti,99,5,od+braniti (83); za+braniti (35); o+braniti (1); u+braniti (1); sa+braniti (1)
glasiti,90,5,na+glasiti (709); pro+glasiti (112); o+glasiti (91); sa+glasiti (90); su+glasiti (1)
brojati,68,5,na+brojati (10); pre+brojati (5); iz+brojati (5); po+brojati (3); u+brojati (1)
vrediti,65,5,po+vrediti (24); u+vrediti (5); pri+vrediti (3); obez+vrediti (1); za+vrediti (1)
suditi,50,5,o+suditi (48); pre+suditi (24); u+suditi (22); pro+suditi (4); po+suditi (2)
mešati,49,5,po+mešati (16); u+mešati (15); iz+mešati (8); pro+mešati (7); s+mešati (4)
uzmeti,40,5,pred+uzmeti (7); pre+uzmeti (7); iz+uzmeti (2); za+uzmeti (1); od+uzmeti (1)
čiti,39,5,u+čiti (238); pro+čiti (12); o+čiti (5); za+čiti (1); na+čiti (1)
crtati,21,5,na+crtati (10); za+crtati (6); pod+crtati (4); u+crtati (2); pre+crtati (1)
rastati,20,5,od+rastati (11); iz+rastati (1); na+rastati (1); s+rastati (1); u+rastati (1)
trčati,16,5,po+trčati (4); pre+trčati (2); do+trčati (2); pro+trčati (2); o+trčati (1)
juriti,14,5,na+juriti (2); po+juriti (2); do+juriti (1); s+juriti (1); iz+juriti (1)
seliti,10,5,pre+seliti (54); na+seliti (16); do+seliti (8); u+seliti (6); od+seliti (4)
saditi,9,5,za+saditi (14); po+saditi (10); do+saditi (9); u+saditi (5); pre+saditi (2)
ljubiti,8,5,za+ljubiti (25); po+ljubiti (8); s+ljubiti (1); iz+ljubiti (1); ob+ljubiti (1)
kucati,7,5,ot+kucati (10); za+kucati (3); po+kucati (3); u+kucati (2); pri+kucati (1)
javati,5,5,pri+javati (199); na+javati (31); ob+javati (9); od+javati (5); iz+javati (1)
vuki,4,5,iz+vuki (7); pod+vuki (2); u+vuki (1); od+vuki (1); raz+vuki (1)
kloniti,4,5,u+kloniti (219); ot+kloniti (77); po+kloniti (65); s+kloniti (22); pri+kloniti (7)
visiti,4,5,za+visiti (420); o+visiti (29); po+visiti (3); iz+visiti (1); su+visiti (1)
sati,4,5,do+sati (8); pre+sati (4); na+sati (2); pr+sati (1); u+sati (1)
umiti,4,5,na+umiti (3); iz+umiti (2); raz+umiti (2); s+umiti (1); pre+umiti (1)
premati,4,5,pri+premati (148); s+premati (109); do+premati (11); o+premati (9); ot+premati (8)
brati,3,5,sa+brati (11); po+brati (6); u+brati (2); o+brati (2); pri+brati (2)
bati,2,5,pro+bati (114); pre+bati (9); u+bati (6); do+bati (5); po+bati (1)
tvoriti,2,5,o+tvoriti (978); s+tvoriti (479); pre+tvoriti (134); za+tvoriti (132); ras+tvoriti (1)
pirati,1,5,do+pirati (16); o+pirati (7); s+pirati (6); u+pirati (3); sa+pirati (1)
točiti,1,5,pre+točiti (19); na+točiti (3); o+točiti (2); s+točiti (1); ras+točiti (1)
motati,1,5,za+motati (2); s+motati (1); ob+motati (1); u+motati (1); pre+motati (1)
znati,1647,4,sa+znati (569); pri+znati (213); po+znati (40); do+znati (14)
ostati,816,4,iz+ostati (31); u+ostati (4); za+ostati (4); pre+ostati (3)
čuti,517,4,na+čuti (3); pre+čuti (1); za+čuti (1); pro+čuti (1)
služiti,443,4,po+služiti (144); za+služiti (32); u+služiti (13); od+služiti (5)
kretati,363,4,po+kretati (203); s+kretati (55); o+kretati (54); za+kretati (4)
spavati,356,4,na+spavati (3); pre+spavati (3); od+spavati (1); u+spavati (1)
čekati,348,4,do+čekati (66); sa+čekati (45); pri+čekati (13); po+čekati (1)
platiti,276,4,u+platiti (79); na+platiti (28); ot+platiti (3); do+platiti (1)
vraćati,253,4,uz+vraćati (2); od+vraćati (2); po+vraćati (1); na+vraćati (1)
deliti,227,4,po+deliti (255); do+deliti (105); o+deliti (2); u+deliti (1)
buditi,154,4,pro+buditi (67); po+buditi (10); raz+buditi (2); s+buditi (1)
poznavati,154,4,pre+poznavati (114); u+poznavati (59); s+poznavati (6); ras+poznavati (1)
beležiti,124,4,o+beležiti (208); za+beležiti (107); u+beležiti (3); pri+beležiti (1)
uzmiti,95,4,pre+uzmiti (54); pred+uzmiti (5); pod+uzmiti (2); od+uzmiti (2)
brisati,68,4,iz+brisati (72); o+brisati (43); pre+brisati (5); po+brisati (1)
roditi,66,4,po+roditi (9); iz+roditi (9); u+roditi (4); pri+roditi (4)
pevati,62,4,ot+pevati (8); o+pevati (3); za+pevati (1); pre+pevati (1)
žaliti,55,4,po+žaliti (9); za+žaliti (4); sa+žaliti (1); o+žaliti (1)
živjeti,41,4,pre+živjeti (19); do+živjeti (14); za+živjeti (2); pro+živjeti (1)
poznati,40,4,u+poznati (815); pre+poznati (353); s+poznati (26); ras+poznati (3)
viđati,36,4,pred+viđati (243); s+viđati (38); u+viđati (15); pre+viđati (9)
disati,31,4,o+disati (46); u+disati (17); za+disati (1); iz+disati (1)
hraniti,29,4,po+hraniti (17); na+hraniti (7); sa+hraniti (6); pre+hraniti (3)
nati,29,4,s+nati (1); za+nati (1); na+nati (1); iz+nati (1)
paziti,28,4,za+paziti (12); o+paziti (3); s+paziti (2); pri+paziti (2)
ceniti,27,4,o+ceniti (342); pro+ceniti (108); pre+ceniti (1); po+ceniti (1)
čistiti,22,4,o+čistiti (69); pro+čistiti (5); po+čistiti (4); pre+čistiti (1)
pivati,20,4,po+pivati (14); u+pivati (4); na+pivati (3); o+pivati (1)
sjetiti,18,4,po+sjetiti (131); o+sjetiti (28); pod+sjetiti (14); pri+sjetiti (2)
boliti,15,4,raz+boliti (5); o+boliti (3); u+boliti (1); obez+boliti (1)
grejati,15,4,za+grejati (10); u+grejati (6); pod+grejati (2); pre+grejati (1)
hvatati,12,4,pri+hvatati (192); s+hvatati (114); za+hvatati (14); u+hvatati (1)
hvaliti,11,4,za+hvaliti (300); po+hvaliti (80); na+hvaliti (1); o+hvaliti (1)
gađati,10,4,do+gađati (88); po+gađati (66); od+gađati (4); na+gađati (2)
tjerati,10,4,na+tjerati (11); pro+tjerati (2); o+tjerati (2); ras+tjerati (1)
mirovati,10,4,u+mirovati (15); s+mirovati (13); iz+mirovati (6); pod+mirovati (1)
dirati,9,4,do+dirati (29); za+dirati (9); pro+dirati (6); na+dirati (1)
variti,8,4,pre+variti (12); s+variti (4); ot+variti (1); za+variti (1)
dići,7,4,po+dići (290); uz+dići (3); iz+dići (2); na+dići (1)
mjeriti,7,4,iz+mjeriti (9); po+mjeriti (1); za+mjeriti (1); od+mjeriti (1)
miješati,7,4,iz+miješati (2); u+miješati (2); pro+miješati (1); po+miješati (1)
lučiti,6,4,od+lučiti (686); raz+lučiti (4); iz+lučiti (1); po+lučiti (1)
dužiti,6,4,pro+dužiti (83); za+dužiti (16); o+dužiti (8); pri+dužiti (2)
taći,5,4,do+taći (20); po+taći (1); o+taći (1); s+taći (1)
goriti,5,4,za+goriti (2); sa+goriti (1); iz+goriti (1); od+goriti (1)
žiti,4,4,u+žiti (20); pr+žiti (12); prema+žiti (8); sa+žiti (2)
jasti,4,4,iz+jasti (24); ob+jasti (20); pri+jasti (2); raz+jasti (1)
iti,4,4,protiv+iti (71); na+iti (10); s+iti (9); ras+iti (1)
goditi,4,4,do+goditi (258); po+goditi (85); u+goditi (6); od+goditi (4)
čati,4,4,pri+čati (387); o+čati (3); na+čati (2); pre+čati (2)
gaziti,3,4,pre+gaziti (4); po+gaziti (2); za+gaziti (2); na+gaziti (1)
tresati,3,4,po+tresati (8); pre+tresati (3); o+tresati (2); s+tresati (1)
magati,3,4,po+magati (852); pre+magati (4); na+magati (2); od+magati (1)
šivati,3,4,prema+šivati (19); sa+šivati (2); za+šivati (1); u+šivati (1)
sedati,2,4,za+sedati (4); od+sedati (4); pre+sedati (2); na+sedati (1)
turati,2,4,ras+turati (2); na+turati (1); po+turati (1); pre+turati (1)
dubiti,2,4,pro+dubiti (19); za+dubiti (2); u+dubiti (1); iz+dubiti (1)
titi,2,4,pre+titi (90); o+titi (24); ras+titi (16); pri+titi (16)
koriti,2,4,po+koriti (5); u+koriti (2); pre+koriti (1); s+koriti (1)
trpati,1,4,s+trpati (4); za+trpati (2); pre+trpati (2); na+trpati (1)
ljati,1,4,pr+ljati (2); do+ljati (1); v+ljati (1); po+ljati (1)
veriti,1,4,pro+veriti (191); u+veriti (113); po+veriti (28); o+veriti (17)
misati,1,4,za+misati (20); po+misati (13); pro+misati (2); pri+misati (1)
makniti,1,4,po+makniti (30); od+makniti (1); raz+makniti (1); pro+makniti (1)
oriti,1,4,raz+oriti (9); pri+oriti (3); za+oriti (2); uz+oriti (1)
čeći,1,4,do+čeći (36); u+čeći (7); sa+čeći (3); po+čeći (3)
kačiti,1,4,o+kačiti (8); za+kačiti (6); pri+kačiti (1); ot+kačiti (1)
goreti,1,4,iz+goreti (9); sa+goreti (2); pre+goreti (1); na+goreti (1)
mazati,1,4,pre+mazati (9); na+mazati (6); pod+mazati (2); raz+mazati (1)
pastiti,1,4,pro+pastiti (3); o+pastiti (3); ras+pastiti (2); pre+pastiti (1)
teti,1,4,s+teti (7); o+teti (4); ras+teti (2); za+teti (1)
dobiti,2440,3,za+dobiti (26); pri+dobiti (6); u+dobiti (1)
nuditi,1292,3,po+nuditi (465); iz+nuditi (7); pri+nuditi (2)
tražiti,1086,3,za+tražiti (365); po+tražiti (155); pre+tražiti (26)
značiti,1033,3,o+značiti (144); na+značiti (65); od+značiti (6)
voleti,483,3,za+voleti (5); pri+voleti (1); iz+voleti (1)
ostajati,453,3,za+ostajati (28); pre+ostajati (24); iz+ostajati (20)
tvrditi,392,3,u+tvrditi (443); po+tvrditi (373); pre+tvrditi (1)
postavljati,386,3,za+postavljati (4); pred+postavljati (3); u+postavljati (1)
boriti,355,3,iz+boriti (86); o+boriti (31); na+boriti (1)
desiti,338,3,po+desiti (176); za+desiti (23); u+desiti (2)
krenuti,317,3,po+krenuti (577); o+krenuti (80); s+krenuti (72)
birati,297,3,sa+birati (9); u+birati (3); pre+birati (1)
putovati,235,3,ot+putovati (24); do+putovati (19); pro+putovati (7)
slediti,220,3,u+slediti (155); pro+slediti (42); na+slediti (21)
vidjeti,212,3,s+vidjeti (6); pred+vidjeti (4); u+vidjeti (3)
sticati,185,3,pod+sticati (201); pri+sticati (1); pro+sticati (1)
brinuti,177,3,po+brinuti (23); za+brinuti (3); pre+brinuti (1)
gubiti,165,3,iz+gubiti (364); po+gubiti (8); za+gubiti (1)
čitati,154,3,pro+čitati (284); u+čitati (14); o+čitati (7)
pomenuti,132,3,na+pomenuti (152); s+pomenuti (36); o+pomenuti (3)
pominjati,130,3,na+pominjati (64); s+pominjati (50); o+pominjati (10)
slijediti,95,3,u+slijediti (7); na+slijediti (4); pro+slijediti (3)
radovati,93,3,ob+radovati (35); iz+radovati (1); sa+radovati (1)
diti,92,3,sa+diti (9); u+diti (5); po+diti (2)
vezovati,81,3,ob+vezovati (4); po+vezovati (4); u+vezovati (1)
plašiti,81,3,u+plašiti (12); pre+plašiti (3); za+plašiti (2)
jačati,73,3,o+jačati (118); po+jačati (80); nad+jačati (4)
ploviti,70,3,u+ploviti (6); pre+ploviti (2); do+ploviti (1)
želiti,67,3,po+želiti (35); za+želiti (1); u+želiti (1)
živiti,45,3,do+živiti (31); o+živiti (5); pre+živiti (4)
dijeti,34,3,po+dijeti (8); do+dijeti (3); o+dijeti (1)
pakovati,33,3,s+pakovati (8); u+pakovati (4); pre+pakovati (2)
tući,31,3,pre+tući (9); po+tući (5); ras+tući (1)
ceti,29,3,po+ceti (7); za+ceti (3); na+ceti (1)
piseti,22,3,u+piseti (14); na+piseti (6); za+piseti (1)
plivati,21,3,za+plivati (3); ot+plivati (1); pre+plivati (1)
pijati,20,3,u+pijati (18); o+pijati (3); na+pijati (1)
slikati,18,3,o+slikati (7); na+slikati (5); u+slikati (2)
grešiti,17,3,po+grešiti (22); o+grešiti (2); sa+grešiti (1)
sjećati,17,3,o+sjećati (92); pod+sjećati (7); pri+sjećati (2)
pušiti,15,3,u+pušiti (1); po+pušiti (1); za+pušiti (1)
varati,14,3,ot+varati (274); pre+varati (21); za+varati (5)
udarati,14,3,pod+udarati (29); od+udarati (6); s+udarati (3)
kupati,14,3,ot+kupati (7); o+kupati (6); s+kupati (1)
sreti,13,3,pre+sreti (2); u+sreti (1); po+sreti (1)
moliti,13,3,za+moliti (40); po+moliti (2); u+moliti (1)
duvati,13,3,iz+duvati (2); o+duvati (2); na+duvati (1)
igratiti,12,3,od+igratiti (2); po+igratiti (1); za+igratiti (1)
kreniti,12,3,o+kreniti (27); po+kreniti (26); s+kreniti (8)
kopati,11,3,za+kopati (6); do+kopati (3); u+kopati (1)
periti,11,3,o+periti (11); u+periti (5); pro+periti (1)
listati,11,3,pre+listati (3); iz+listati (1); pro+listati (1)
kočiti,10,3,s+kočiti (48); za+kočiti (1); u+kočiti (1)
goniti,10,3,pro+goniti (7); po+goniti (6); na+goniti (1)
hladiti,10,3,o+hladiti (19); pro+hladiti (5); ras+hladiti (1)
bilježiti,10,3,za+bilježiti (13); o+bilježiti (12); pred+bilježiti (1)
dizati,8,3,po+dizati (120); uz+dizati (21); iz+dizati (12)
stojiti,8,3,na+stojiti (36); po+stojiti (3); od+stojiti (1)
loviti,8,3,u+loviti (4); s+loviti (2); na+loviti (1)
štetiti,7,3,o+štetiti (27); u+štetiti (7); na+štetiti (3)
dignuti,6,3,uz+dignuti (6); po+dignuti (4); iz+dignuti (1)
zati,6,3,pre+zati (3); su+zati (1); sa+zati (1)
kreneti,5,3,po+kreneti (27); s+kreneti (12); o+kreneti (10)
roniti,5,3,u+roniti (9); za+roniti (6); iz+roniti (4)
ređati,5,3,u+ređati (216); v+ređati (19); po+ređati (7)
boleti,5,3,raz+boleti (9); o+boleti (3); za+boleti (1)
drzati,4,3,sa+drzati (10); o+drzati (5); za+drzati (2)
nizati,4,3,na+nizati (3); po+nizati (2); s+nizati (2)
svetiti,4,3,po+svetiti (155); o+svetiti (4); pro+svetiti (1)
meći,4,3,uz+meći (1); u+meći (1); o+meći (1)
citi,4,3,u+citi (3); na+citi (1); pri+citi (1)
trestiti,4,3,s+trestiti (2); po+trestiti (1); o+trestiti (1)
drmati,3,3,pro+drmati (6); uz+drmati (6); raz+drmati (1)
uciti,3,3,ob+uciti (5); v+uciti (1); na+uciti (1)
rati,3,3,o+rati (4); po+rati (2); s+rati (1)
tati,3,3,s+tati (141); ras+tati (20); o+tati (12)
nići,3,3,po+nići (8); iz+nići (6); pro+nići (5)
ciniti,3,3,u+ciniti (10); po+ciniti (2); na+ciniti (2)
pomeniti,3,3,na+pomeniti (8); s+pomeniti (2); o+pomeniti (1)
uzdati,3,3,ob+uzdati (9); po+uzdati (5); za+uzdati (1)
jeći,3,3,pri+jeći (12); s+jeći (1); od+jeći (1)
moriti,2,3,od+moriti (23); u+moriti (5); za+moriti (1)
zoveti,2,3,po+zoveti (25); na+zoveti (7); do+zoveti (1)
grliti,2,3,pri+grliti (14); za+grliti (5); ob+grliti (1)
vriti,2,3,pro+vriti (8); ot+vriti (1); na+vriti (1)
režiti,2,3,na+režiti (3); iz+režiti (3); u+režiti (1)
zreti,2,3,sa+zreti (6); na+zreti (1); do+zreti (1)
istati,2,3,do+istati (10); od+istati (6); ras+istati (2)
bratiti,2,3,o+bratiti (530); iz+bratiti (1); u+bratiti (1)
ginuti,2,3,po+ginuti (60); u+ginuti (7); iz+ginuti (1)
ključati,2,3,ot+ključati (17); za+ključati (16); pro+ključati (1)
veliti,1,3,pre+veliti (1); na+veliti (1); po+veliti (1)
vjesti,1,3,s+vjesti (4); sa+vjesti (2); za+vjesti (1)
općiti,1,3,sa+općiti (10); pri+općiti (2); u+općiti (2)
viriti,1,3,iz+viriti (17); za+viriti (9); u+viriti (1)
svojiti,1,3,u+svojiti (580); o+svojiti (397); pri+svojiti (7)
matrati,1,3,s+matrati (1361); raz+matrati (349); pro+matrati (10)
redati,1,3,u+redati (2); po+redati (1); s+redati (1)
mašiti,1,3,pre+mašiti (42); nad+mašiti (17); pro+mašiti (6)
dviti,1,3,na+dviti (7); po+dviti (2); o+dviti (2)
trati,1,3,su+trati (5); po+trati (1); za+trati (1)
oći,1,3,pr+oći (475); u+oći (5); v+oći (1)
ivati,1,3,uz+ivati (7); pr+ivati (1); pred+ivati (1)
mesati,1,3,s+mesati (2); pri+mesati (1); po+mesati (1)
zoviti,1,3,po+zoviti (89); na+zoviti (29); sa+zoviti (4)
griješiti,1,3,po+griješiti (2); sa+griješiti (1); o+griješiti (1)
stavlјaju,1,3,pred+stavlјaju (9); do+stavlјaju (2); na+stavlјaju (2)
neći,1,3,po+neći (5); od+neći (1); u+neći (1)
staći,1,3,pod+staći (158); po+staći (6); pri+staći (1)
virati,1,3,s+virati (90); iz+virati (6); na+virati (1)
dvoditi,1,3,pre+dvoditi (171); o+dvoditi (15); po+dvoditi (2)
jetiti,1,3,s+jetiti (18); od+jetiti (9); pri+jetiti (2)
nalaziti,3554,2,pro+nalaziti (77); s+nalaziti (29)
morati,3422,2,pri+morati (14); po+morati (1)
želeti,2878,2,po+želeti (94); u+želeti (1)
doći,2342,2,do+doći (1); na+doći (1)
smatrati,1361,2,po+smatrati (185); o+smatrati (1)
početi,1290,2,za+početi (430); ot+početi (80)
pomoći,1279,2,pri+pomoći (2); u+pomoći (1)
trajati,700,2,po+trajati (31); do+trajati (3)
postaviti,652,2,pred+postaviti (2); za+postaviti (2)
ući,596,2,ob+ući (8); v+ući (6)
osećati,480,2,sa+osećati (6); pred+osećati (1)
počinjati,468,2,za+počinjati (99); ot+počinjati (1)
primiti,426,2,po+primiti (10); za+primiti (5)
pričati,387,2,po+pričati (14); pre+pričati (9)
čuvati,383,2,sa+čuvati (220); o+čuvati (82)
dešavati,356,2,po+dešavati (25); iz+dešavati (2)
finansirati,328,2,su+finansirati (17); pred+finansirati (1)
važiti,232,2,u+važiti (14); od+važiti (11)
primati,215,2,po+primati (8); za+primati (4)
predati,160,2,ras+predati (2); s+predati (1)
prodati,159,2,ras+prodati (4); pre+prodati (2)
hvati,141,2,po+hvati (49); za+hvati (16)
umreti,132,2,od+umreti (3); iz+umreti (2)
glasati,131,2,iz+glasati (14); o+glasati (9)
povesti,126,2,za+povesti (5); s+povesti (1)
probati,114,2,o+probati (23); s+probati (1)
stradati,106,2,na+stradati (13); po+stradati (3)
uzrokovati,104,2,pro+uzrokovati (72); pr+uzrokovati (1)
trošiti,102,2,po+trošiti (60); u+trošiti (14)
ubiti,92,2,s+ubiti (1); bez+ubiti (1)
umeti,90,2,raz+umeti (444); iz+umeti (2)
svirati,90,2,od+svirati (8); za+svirati (1)
trpeti,89,2,pre+trpeti (69); s+trpeti (1)
pamtiti,83,2,za+pamtiti (37); u+pamtiti (2)
uhvatiti,79,2,ob+uhvatiti (169); pod+uhvatiti (6)
kršiti,77,2,pre+kršiti (47); s+kršiti (1)
družiti,67,2,pri+družiti (303); u+družiti (48)
poručivati,66,2,pre+poručivati (354); pro+poručivati (1)
štediti,65,2,u+štediti (22); po+štediti (1)
voliti,65,2,za+voliti (7); iz+voliti (1)
krasiti,60,2,u+krasiti (10); s+krasiti (5)
sretati,54,2,su+sretati (125); na+sretati (1)
dijeliti,51,2,po+dijeliti (67); do+dijeliti (27)
ličiti,51,2,pri+ličiti (6); od+ličiti (1)
aviti,49,2,pr+aviti (255); s+aviti (3)
lečiti,47,2,iz+lečiti (13); za+lečiti (1)
hodati,42,2,pro+hodati (3); u+hodati (2)
svesti,42,2,o+svesti (20); po+svesti (17)
brojiti,40,2,na+brojiti (2); pre+brojiti (1)
šetati,37,2,pro+šetati (26); od+šetati (1)
udariti,36,2,s+udariti (4); pod+udariti (1)
nimati,35,2,za+nimati (214); s+nimati (115)
dobivati,35,2,za+dobivati (5); pri+dobivati (3)
počneti,34,2,za+počneti (25); ot+počneti (4)
umirati,31,2,s+umirati (20); od+umirati (1)
pucati,28,2,za+pucati (1); po+pucati (1)
kuvati,28,2,s+kuvati (6); pro+kuvati (3)
kretiti,28,2,s+kretiti (5); o+kretiti (1)
skupiti,25,2,po+skupiti (1); pre+skupiti (1)
uzmati,25,2,za+uzmati (1); pod+uzmati (1)
brineti,24,2,po+brineti (2); za+brineti (1)
sušiti,23,2,o+sušiti (18); pre+sušiti (2)
starati,22,2,po+starati (11); pre+starati (1)
graničiti,21,2,o+graničiti (67); raz+graničiti (2)
kositi,20,2,pr+kositi (13); po+kositi (1)
počniti,19,2,za+počniti (55); ot+počniti (2)
ljutiti,18,2,na+ljutiti (4); raz+ljutiti (2)
vaditi,17,2,iz+vaditi (47); za+vaditi (1)
rastiti,16,2,od+rastiti (3); iz+rastiti (1)
dižati,16,2,po+dižati (1); o+dižati (1)
porediti,16,2,u+porediti (82); ras+porediti (21)
plakati,15,2,ras+plakati (1); o+plakati (1)
ostaniti,15,2,iz+ostaniti (6); pre+ostaniti (2)
očarati,14,2,raz+očarati (9); na+očarati (4)
maštati,14,2,iz+maštati (2); raz+maštati (1)
vežiti,13,2,s+vežiti (39); po+vežiti (33)
ziveti,13,2,do+ziveti (1); po+ziveti (1)
mirisati,13,2,na+mirisati (2); za+mirisati (1)
briniti,12,2,po+briniti (12); za+briniti (2)
daviti,12,2,do+daviti (6); u+daviti (3)
sijati,12,2,za+sijati (10); pro+sijati (2)
plesati,12,2,pro+plesati (1); za+plesati (1)
gušiti,12,2,u+gušiti (9); pri+gušiti (3)
igrajtiti,11,2,po+igrajtiti (1); za+igrajtiti (1)
cvetati,11,2,pro+cvetati (5); ras+cvetati (1)
cijeniti,10,2,o+cijeniti (26); pro+cijeniti (7)
vezivati,10,2,po+vezivati (248); ob+vezivati (1)
kreći,10,2,za+kreći (1); po+kreći (1)
leći,9,2,iz+leći (3); s+leći (2)
hapsiti,9,2,u+hapsiti (23); po+hapsiti (2)
kvačiti,9,2,pri+kvačiti (3); za+kvačiti (1)
lutati,9,2,za+lutati (5); od+lutati (3)
siliti,8,2,pri+siliti (10); o+siliti (1)
slići,8,2,na+slići (16); o+slići (11)
sporiti,7,2,u+sporiti (31); o+sporiti (21)
zariti,7,2,o+zariti (3); na+zariti (1)
gati,7,2,u+gati (37); uz+gati (6)
poceti,7,2,za+poceti (3); ot+poceti (1)
mutiti,6,2,u+mutiti (7); raz+mutiti (3)
gasiti,6,2,u+gasiti (18); za+gasiti (1)
kušati,6,2,po+kušati (353); o+kušati (11)
krstiti,6,2,u+krstiti (4); pre+krstiti (2)
skakati,6,2,pre+skakati (2); u+skakati (1)
paditi,6,2,na+paditi (1); ot+paditi (1)
vići,5,2,na+vići (68); pred+vići (1)
čećati,5,2,sa+čećati (7); do+čećati (4)
retiti,5,2,s+retiti (14); v+retiti (1)
uditi,5,2,s+uditi (50); na+uditi (3)
sjesti,5,2,od+sjesti (2); su+sjesti (1)
mesiti,5,2,u+mesiti (6); za+mesiti (4)
sejati,5,2,po+sejati (3); za+sejati (1)
očiti,5,2,u+očiti (73); pred+očiti (30)
množiti,5,2,u+množiti (3); po+množiti (1)
trpiti,5,2,pre+trpiti (3); s+trpiti (1)
ravnati,4,2,po+ravnati (2); iz+ravnati (1)
srestiti,4,2,su+srestiti (9); pre+srestiti (2)
plaviti,4,2,pre+plaviti (7); po+plaviti (4)
irati,4,2,s+irati (20); v+irati (1)
nuti,4,2,na+nuti (2); pre+nuti (1)
dugati,4,2,pre+dugati (2); za+dugati (1)
vrsiti,4,2,za+vrsiti (8); po+vrsiti (1)
pomeneti,4,2,s+pomeneti (7); na+pomeneti (6)
legati,4,2,pod+legati (3); u+legati (1)
farbati,4,2,o+farbati (1); pre+farbati (1)
noći,4,2,pre+noći (6); po+noći (2)
brusiti,3,2,iz+brusiti (1); pre+brusiti (1)
miniti,3,2,za+miniti (1); pre+miniti (1)
sluziti,3,2,u+sluziti (4); za+sluziti (1)
blagati,3,2,u+blagati (9); o+blagati (4)
krčiti,3,2,pro+krčiti (2); za+krčiti (1)
padneti,3,2,pro+padneti (1); u+padneti (1)
dužati,3,2,za+dužati (2); pri+dužati (1)
knjižiti,3,2,u+knjižiti (4); pro+knjižiti (1)
prijeti,3,2,do+prijeti (2); za+prijeti (1)
grabiti,3,2,pri+grabiti (4); u+grabiti (2)
berati,3,2,pro+berati (1); sa+berati (1)
kajati,3,2,po+kajati (6); ras+kajati (1)
zidati,3,2,sa+zidati (2); za+zidati (1)
skacati,3,2,u+skacati (2); pre+skacati (1)
poriti,3,2,s+poriti (7); ot+poriti (2)
smejati,2,2,na+smejati (17); za+smejati (1)
isati,2,2,v+isati (9); s+isati (1)
sloviti,2,2,u+sloviti (37); na+sloviti (1)
štedjeti,2,2,u+štedjeti (11); po+štedjeti (1)
mići,2,2,pro+mići (4); po+mići (4)
tovariti,2,2,u+tovariti (5); na+tovariti (1)
štedeti,2,2,u+štedeti (40); po+štedeti (4)
liječiti,2,2,za+liječiti (1); iz+liječiti (1)
kuhati,2,2,pro+kuhati (1); s+kuhati (1)
časti,2,2,pri+časti (1); po+časti (1)
prskati,2,2,na+prskati (2); po+prskati (1)
stariti,2,2,za+stariti (2); o+stariti (2)
digneti,2,2,po+digneti (31); o+digneti (1)
teziti,2,2,po+teziti (1); pro+teziti (1)
kliznuti,2,2,s+kliznuti (3); o+kliznuti (1)
tržati,2,2,o+tržati (1); s+tržati (1)
bojiti,2,2,o+bojiti (12); pre+bojiti (1)
avati,2,2,iz+avati (1); ob+avati (1)
sreći,2,2,po+sreći (4); u+sreći (3)
liviti,1,2,iz+liviti (2); sa+liviti (2)
buhvatati,1,2,o+buhvatati (564); u+buhvatati (1)
tresiti,1,2,o+tresiti (1); pro+tresiti (1)
tkati,1,2,u+tkati (4); sa+tkati (1)
šarati,1,2,pro+šarati (1); su+šarati (1)
ležiti,1,2,pod+ležiti (20); s+ležiti (1)
lijepiti,1,2,za+lijepiti (6); na+lijepiti (1)
čitavati,1,2,o+čitavati (9); u+čitavati (6)
boti,1,2,o+boti (3); za+boti (2)
ndati,1,2,sa+ndati (2); na+ndati (1)
vrgnuti,1,2,s+vrgnuti (2); pod+vrgnuti (2)
eliti,1,2,s+eliti (10); v+eliti (1)
mamiti,1,2,iz+mamiti (6); pri+mamiti (1)
sevati,1,2,u+sevati (1); po+sevati (1)
buti,1,2,o+buti (6); pod+buti (1)
veseliti,1,2,raz+veseliti (2); pro+veseliti (1)
stav,1,2,su+stav (7); pod+stav (1)
blažiti,1,2,u+blažiti (37); raz+blažiti (3)
vidjati,1,2,pred+vidjati (4); s+vidjati (1)
lupati,1,2,na+lupati (1); iz+lupati (1)
grebati,1,2,iz+grebati (1); o+grebati (1)
alati,1,2,s+alati (1); v+alati (1)
kratiti,1,2,s+kratiti (25); pre+kratiti (3)
ratiti,1,2,v+ratiti (691); za+ratiti (1)
većati,1,2,po+većati (540); u+većati (54)
motriti,1,2,raz+motriti (435); pro+motriti (1)
gaditi,1,2,za+gaditi (6); o+gaditi (1)
podnevati,1,2,po+podnevati (1); pre+podnevati (1)
tazati,1,2,po+tazati (1); s+tazati (1)
giniti,1,2,po+giniti (3); u+giniti (2)
stvariti,1,2,o+stvariti (783); u+stvariti (6)
trovati,1,2,o+trovati (2); za+trovati (1)
rendati,1,2,iz+rendati (2); na+rendati (1)
snivati,1,2,za+snivati (214); o+snivati (40)
verati,1,2,uz+verati (1); pro+verati (1)
tonuti,1,2,po+tonuti (6); u+tonuti (3)
gorjeti,1,2,iz+gorjeti (2); sa+gorjeti (1)
najati,1,2,iz+najati (9); u+najati (2)
strašiti,1,2,za+strašiti (7); pre+strašiti (1)
gadjati,1,2,po+gadjati (2); do+gadjati (2)
besneti,1,2,po+besneti (1); raz+besneti (1)
jediti,1,2,s+jediti (16); ob+jediti (1)
aleti,1,2,nad+aleti (11); pred+aleti (5)
svijeti,1,2,za+svijeti (1); o+svijeti (1)
milovati,1,2,po+milovati (2); s+milovati (1)
tajiti,1,2,za+tajiti (2); u+tajiti (1)
bušiti,1,2,pro+bušiti (6); iz+bušiti (1)
trebati,4679,1,za+trebati (24)
koristiti,3908,1,o+koristiti (2)
učestvovati,1674,1,sa+učestvovati (6)
dodati,893,1,pri+dodati (13)
razgovarati,835,1,po+razgovarati (22)
dobijati,738,1,pri+dobijati (3)
verovati,644,1,po+verovati (10)
dovesti,638,1,o+dovesti (1)
uživati,624,1,na+uživati (1)
donositi,601,1,pri+donositi (11)
pozivati,592,1,o+pozivati (4)
otkriti,563,1,raz+otkriti (9)
isticati,482,1,pro+isticati (42)
menjati,440,1,pri+menjati (1)
ostaviti,419,1,iz+ostaviti (10)
delovati,416,1,su+delovati (3)
nadati,386,1,po+nadati (2)
pripremiti,358,1,pri+pripremiti (1)
boraviti,346,1,za+boraviti (214)
izaći,334,1,pro+izaći (26)
pozvati,326,1,o+pozvati (7)
poručiti,319,1,pre+poručiti (82)
funkcionisati,287,1,pro+funkcionisati (3)
analizirati,283,1,pro+analizirati (1)
okupiti,283,1,za+okupiti (3)
provesti,278,1,s+provesti (398)
izvoditi,261,1,pro+izvoditi (378)
prodavati,259,1,ras+prodavati (2)
rešiti,259,1,raz+rešiti (26)
garantovati,259,1,za+garantovati (1)
štititi,250,1,za+štititi (159)
uvesti,248,1,za+uvesti (6)
truditi,240,1,po+truditi (70)
reagovati,236,1,od+reagovati (3)
preći,233,1,u+preći (1)
dodavati,226,1,pri+dodavati (1)
izlaziti,210,1,pro+izlaziti (37)
javljati,199,1,pri+javljati (1)
izvesti,196,1,pro+izvesti (132)
okupljati,190,1,za+okupljati (7)
kontrolisati,185,1,pre+kontrolisati (1)
rešavati,175,1,raz+rešavati (11)
plaćati,174,1,ras+plaćati (1)
napredovati,174,1,uz+napredovati (2)
obići,170,1,za+obići (38)
težiti,170,1,s+težiti (2)
svedočiti,170,1,po+svedočiti (9)
provoditi,169,1,s+provoditi (734)
otkrivati,169,1,raz+otkrivati (13)
kupovati,165,1,po+kupovati (1)
širiti,163,1,pro+širiti (220)
ostavljati,156,1,iz+ostavljati (5)
složiti,148,1,po+složiti (2)
slati,134,1,po+slati (422)
snimiti,132,1,u+snimiti (1)
studirati,131,1,pro+studirati (2)
opisivati,131,1,pr+opisivati (87)
savetovati,129,1,po+savetovati (13)
ponašati,126,1,o+ponašati (10)
dominirati,125,1,pre+dominirati (1)
urediti,124,1,pre+urediti (9)
karakterisati,124,1,o+karakterisati (15)
vjerovati,122,1,po+vjerovati (4)
slaviti,118,1,pro+slaviti (92)
spajati,114,1,od+spajati (1)
uveriti,113,1,raz+uveriti (1)
diskutovati,112,1,pro+diskutovati (4)
ocenjivati,111,1,pr+ocenjivati (124)
imenovati,102,1,pre+imenovati (8)
usmeriti,101,1,pre+usmeriti (21)
obraćati,94,1,sa+obraćati (25)
oblikovati,93,1,pre+oblikovati (7)
ispitati,92,1,pre+ispitati (50)
osjećati,92,1,su+osjećati (2)
zauzeti,91,1,pre+zauzeti (1)
bazirati,91,1,o+bazirati (2)
saglasiti,90,1,u+saglasiti (26)
pretiti,90,1,za+pretiti (10)
pozoviti,89,1,o+pozoviti (3)
blokirati,88,1,od+blokirati (1)
nestati,88,1,po+nestati (5)
osuđivati,84,1,pr+osuđivati (4)
okrenuti,80,1,pre+okrenuti (13)
iditi,80,1,v+iditi (255)
parkirati,78,1,u+parkirati (1)
usmeravati,75,1,pre+usmeravati (11)
spojiti,75,1,od+spojiti (5)
uočiti,73,1,s+uočiti (130)
tumačiti,73,1,pro+tumačiti (11)
podijeliti,67,1,ras+podijeliti (1)
ignorisati,67,1,iz+ignorisati (1)
spustiti,66,1,do+spustiti (1)
sumnjati,61,1,po+sumnjati (12)
trenirati,61,1,u+trenirati (1)
spasti,57,1,za+spasti (1)
ispitovati,57,1,pre+ispitovati (18)
nestajati,56,1,po+nestajati (5)
zatvarati,54,1,po+zatvarati (1)
okretati,54,1,za+okretati (2)
polagati,53,1,ras+polagati (220)
ubijati,51,1,po+ubijati (1)
tragati,50,1,po+tragati (2)
željeti,50,1,po+željeti (5)
pati,49,1,s+pati (12)
isteći,49,1,pro+isteći (20)
bojati,48,1,o+bojati (9)
komentarisati,48,1,pro+komentarisati (16)
djelovati,48,1,su+djelovati (22)
haliti,46,1,za+haliti (1)
dopuniti,44,1,na+dopuniti (2)
štampati,44,1,od+štampati (7)
vežbati,44,1,na+vežbati (1)
ideti,44,1,v+ideti (1518)
interesovati,42,1,za+interesovati (16)
strujati,40,1,pro+strujati (3)
bacati,40,1,po+bacati (2)
bežati,40,1,raz+bežati (1)
svežiti,39,1,o+svežiti (24)
temeljati,39,1,u+temeljati (4)
okruživati,37,1,za+okruživati (15)
valjati,36,1,u+valjati (1)
rečiti,36,1,protiv+rečiti (1)
donijeti,36,1,pri+donijeti (13)
ustati,35,1,od+ustati (109)
pozovesti,35,1,o+pozovesti (7)
peći,34,1,za+peći (2)
svjedočiti,34,1,po+svjedočiti (2)
upitati,33,1,pri+upitati (1)
tužiti,33,1,ras+tužiti (1)
cena,33,1,o+cena (1)
mučiti,33,1,po+mučiti (2)
zabaviti,32,1,po+zabaviti (37)
formulisati,32,1,pre+formulisati (2)
čuditi,31,1,za+čuditi (5)
zovesti,31,1,po+zovesti (35)
idati,30,1,raz+idati (1)
izvestiti,30,1,pro+izvestiti (16)
polaziti,29,1,ras+polaziti (3)
obilaziti,28,1,za+obilaziti (13)
uočavati,28,1,s+uočavati (365)
rađati,28,1,po+rađati (2)
riješiti,28,1,raz+riješiti (1)
okreniti,27,1,pre+okreniti (4)
dopunjivati,27,1,na+dopunjivati (7)
udati,27,1,ot+udati (3)
ovladati,27,1,pre+ovladati (1)
komponovati,27,1,pre+komponovati (1)
kvalifikovati,27,1,o+kvalifikovati (1)
interesivati,26,1,za+interesivati (12)
skratiti,25,1,u+skratiti (24)
vaniti,25,1,s+vaniti (1)
hati,24,1,u+hati (1)
zimati,24,1,u+zimati (173)
padniti,23,1,na+padniti (2)
veseti,23,1,na+veseti (1)
teretiti,23,1,ras+teretiti (11)
upiti,23,1,ot+upiti (1)
jamčiti,22,1,za+jamčiti (4)
vjerivati,22,1,po+vjerivati (1)
skidati,21,1,po+skidati (2)
trčiti,21,1,po+trčiti (1)
uzmetiti,21,1,za+uzmetiti (2)
kružiti,21,1,o+kružiti (1)
užiti,20,1,pr+užiti (837)
smetati,20,1,za+smetati (2)
propasti,19,1,u+propasti (1)
diviti,19,1,za+diviti (7)
smisliti,19,1,o+smisliti (108)
zvučati,19,1,za+zvučati (3)
savjetovati,18,1,po+savjetovati (1)
uzdržati,18,1,s+uzdržati (3)
skraćivati,18,1,u+skraćivati (12)
sviti,18,1,po+sviti (19)
kriviti,17,1,o+kriviti (9)
prostiti,17,1,o+prostiti (20)
overiti,17,1,nad+overiti (1)
razbijati,17,1,po+razbijati (1)
stremiti,17,1,u+stremiti (1)
medjati,16,1,s+medjati (1)
tipkati,16,1,u+tipkati (6)
osvetljavati,16,1,pr+osvetljavati (2)
oživljavati,16,1,pr+oživljavati (15)
oglašavati,16,1,pr+oglašavati (15)
povestiti,15,1,pri+povestiti (2)
kasniti,15,1,za+kasniti (5)
remeti,15,1,po+remeti (6)
vežati,15,1,s+vežati (12)
gajiti,15,1,od+gajiti (4)
manipulisati,15,1,iz+manipulisati (1)
vrijediti,15,1,po+vrijediti (3)
posjeti,15,1,za+posjeti (1)
parirati,14,1,pre+parirati (1)
ušiti,14,1,s+ušiti (23)
sretiti,14,1,su+sretiti (8)
podjeti,13,1,ras+podjeti (7)
traziti,13,1,za+traziti (2)
patiti,13,1,pro+patiti (6)
plemeniti,13,1,o+plemeniti (10)
skladištiti,13,1,u+skladištiti (3)
okupirati,13,1,za+okupirati (1)
dopunjavati,13,1,na+dopunjavati (1)
doniti,13,1,pri+doniti (1)
kaći,12,1,do+kaći (1)
vrteti,12,1,za+vrteti (2)
ustajati,12,1,od+ustajati (41)
nađiti,12,1,pro+nađiti (55)
komplikovati,12,1,za+komplikovati (3)
istiniti,12,1,ob+istiniti (2)
pržiti,12,1,pro+pržiti (7)
sabrati,11,1,pre+sabrati (1)
bolovati,11,1,od+bolovati (1)
plačiti,11,1,za+plačiti (1)
mastiti,11,1,o+mastiti (1)
koncentrisati,11,1,s+koncentrisati (1)
ispitivati,11,1,pre+ispitivati (18)
listiti,10,1,s+listiti (1)
ovati,10,1,na+ovati (10)
okreneti,10,1,pre+okreneti (5)
citati,10,1,pro+citati (2)
ocjenjivati,10,1,pr+ocjenjivati (9)
prostirati,9,1,ras+prostirati (4)
pešačiti,9,1,pre+pešačiti (1)
žuriti,9,1,po+žuriti (9)
ispadati,9,1,po+ispadati (1)
poroditi,9,1,pre+poroditi (3)
voljeti,9,1,za+voljeti (2)
nadjati,9,1,pro+nadjati (11)
overavati,9,1,pr+overavati (64)
cirkulisati,9,1,pro+cirkulisati (1)
balansirati,9,1,iz+balansirati (4)
kuvajtiti,9,1,s+kuvajtiti (2)
gurnuti,9,1,od+gurnuti (3)
umiriti,9,1,iz+umiriti (1)
smišljati,9,1,o+smišljati (4)
pomoć,9,1,u+pomoć (1)
slutiti,8,1,na+slutiti (4)
krstariti,8,1,pro+krstariti (1)
pleniti,8,1,za+pleniti (2)
slivati,8,1,po+slivati (3)
sustaviti,8,1,za+sustaviti (1)
dinstati,8,1,pro+dinstati (1)
ljuljati,8,1,za+ljuljati (1)
prinositi,8,1,do+prinositi (534)
ograditi,8,1,nad+ograditi (33)
obući,8,1,pr+obući (1)
iznaći,8,1,pr+iznaći (1)
bujati,8,1,na+bujati (3)
šaliti,8,1,na+šaliti (2)
kiseti,7,1,na+kiseti (2)
škoditi,7,1,na+škoditi (15)
svađati,7,1,po+svađati (1)
steti,7,1,u+steti (1)
htiti,7,1,pro+htiti (1)
buniti,7,1,po+buniti (11)
gomilati,7,1,na+gomilati (3)
razumevati,7,1,pod+razumevati (605)
dejstvovati,7,1,iz+dejstvovati (9)
dirnuti,7,1,do+dirnuti (24)
kladiti,7,1,o+kladiti (2)
remetiti,7,1,po+remetiti (11)
znaciti,7,1,o+znaciti (1)
sedneti,7,1,od+sedneti (1)
izići,6,1,pro+izići (3)
usmjeriti,6,1,pre+usmjeriti (1)
recitovati,6,1,iz+recitovati (1)
slusati,6,1,po+slusati (1)
krvariti,6,1,pro+krvariti (1)
orijentisati,6,1,pre+orijentisati (2)
priličiti,6,1,u+priličiti (8)
bližiti,6,1,pri+bližiti (97)
maziti,6,1,po+maziti (1)
besniti,6,1,raz+besniti (1)
pravdati,6,1,o+pravdati (52)
provediti,6,1,s+provediti (1)
zbivati,6,1,su+zbivati (1)
kraditi,6,1,u+kraditi (13)
nervirati,6,1,iz+nervirati (2)
luditi,6,1,po+luditi (2)
zbuniti,6,1,u+zbuniti (1)
masirati,6,1,u+masirati (1)
zasti,5,1,na+zasti (2)
dosetiti,5,1,pre+dosetiti (2)
peciti,5,1,po+peciti (1)
šišati,5,1,o+šišati (1)
temeljiti,5,1,u+temeljiti (3)
otisnuti,5,1,pr+otisnuti (2)
zvoniti,5,1,za+zvoniti (8)
lediti,5,1,s+lediti (220)
zbiti,5,1,su+zbiti (10)
hrabriti,5,1,o+hrabriti (60)
raniti,5,1,po+raniti (2)
pljačkati,5,1,o+pljačkati (9)
ograđivati,5,1,nad+ograđivati (14)
pući,5,1,ras+pući (1)
dičiti,5,1,pro+dičiti (1)
imа,5,1,pr+imа (3)
planuti,4,1,pre+planuti (4)
curiti,4,1,pro+curiti (3)
mudriti,4,1,nad+mudriti (4)
tariti,4,1,s+tariti (2)
lepati,4,1,pre+lepati (13)
nezgoditi,4,1,u+nezgoditi (1)
umrati,4,1,iz+umrati (1)
licencirati,4,1,pod+licencirati (1)
razložiti,4,1,ob+razložiti (152)
žvati,4,1,sa+žvati (1)
vjerati,4,1,pro+vjerati (3)
cistiti,4,1,o+cistiti (1)
kvariti,4,1,po+kvariti (20)
karakterizirati,4,1,o+karakterizirati (2)
gospodariti,4,1,za+gospodariti (4)
oteti,4,1,pre+oteti (1)
korati,4,1,s+korati (1)
vapiti,4,1,za+vapiti (1)
pumpati,4,1,u+pumpati (1)
gasti,4,1,u+gasti (17)
ocediti,4,1,pr+ocediti (1)
stititi,4,1,za+stititi (1)
brendirati,4,1,iz+brendirati (1)
puziti,3,1,ot+puziti (1)
jacati,3,1,po+jacati (3)
saglašavati,3,1,u+saglašavati (8)
minirati,3,1,do+minirati (125)
sliti,3,1,do+sliti (3)
taložiti,3,1,na+taložiti (1)
novčiti,3,1,u+novčiti (1)
briti,3,1,do+briti (3)
ljuštiti,3,1,o+ljuštiti (2)
slabiti,3,1,o+slabiti (15)
grleti,3,1,za+grleti (1)
zboriti,3,1,pro+zboriti (2)
bistrati,3,1,pre+bistrati (1)
harati,3,1,po+harati (1)
vaziti,3,1,pre+vaziti (1)
veličati,3,1,u+veličati (9)
mladiti,3,1,pre+mladiti (1)
tešiti,3,1,u+tešiti (1)
umati,3,1,raz+umati (1)
triti,3,1,u+triti (2)
izvediti,3,1,pro+izvediti (13)
perati,3,1,o+perati (2)
ćaskati,3,1,pro+ćaskati (1)
igrаli,3,1,od+igrаli (2)
lići,3,1,s+lići (8)
dobriti,3,1,o+dobriti (145)
kati,3,1,sa+kati (2)
očati,3,1,na+očati (4)
divljati,3,1,po+divljati (1)
upirati,3,1,pod+upirati (2)
ovladavati,3,1,pre+ovladavati (24)
toći,3,1,pre+toći (2)
mrdati,3,1,raz+mrdati (2)
gnezditi,3,1,u+gnezditi (2)
propastiti,3,1,u+propastiti (2)
kalibrisati,3,1,pre+kalibrisati (1)
maskirati,3,1,za+maskirati (4)
kolebati,3,1,po+kolebati (3)
gravirati,3,1,u+gravirati (1)
useti,3,1,s+useti (1)
granisati,3,1,o+granisati (7)
sednuti,2,1,za+sednuti (1)
bogatiti,2,1,o+bogatiti (36)
svijetliti,2,1,za+svijetliti (1)
razlagati,2,1,ob+razlagati (9)
obiti,2,1,s+obiti (1)
nasati,2,1,po+nasati (2)
polisati,2,1,pro+polisati (1)
cuvati,2,1,sa+cuvati (1)
sledovati,2,1,po+sledovati (1)
otisniti,2,1,pr+otisniti (1)
mahati,2,1,raz+mahati (1)
odeti,2,1,v+odeti (1)
sipasti,2,1,za+sipasti (1)
častiti,2,1,po+častiti (3)
istiti,2,1,pro+istiti (1)
kaciti,2,1,s+kaciti (6)
ganiti,2,1,po+ganiti (2)
poditi,2,1,po+poditi (1)
interesirati,2,1,za+interesirati (3)
beleti,2,1,po+beleti (1)
obrati,2,1,pre+obrati (1)
kockati,2,1,s+kockati (1)
cementirati,2,1,za+cementirati (3)
žmuriti,2,1,za+žmuriti (2)
hitati,2,1,po+hitati (2)
punoti,2,1,pre+punoti (1)
namijeniti,2,1,pre+namijeniti (1)
prljati,2,1,u+prljati (1)
obijati,2,1,pr+obijati (25)
vinovati,2,1,po+vinovati (4)
trljati,2,1,u+trljati (6)
duljati,2,1,pro+duljati (1)
krotiti,2,1,u+krotiti (2)
gutati,2,1,pro+gutati (13)
parati,2,1,pre+parati (7)
miksati,2,1,iz+miksati (2)
pasirati,2,1,pro+pasirati (1)
politi,2,1,o+politi (1)
razumiti,2,1,u+razumiti (2)
hrliti,2,1,po+hrliti (3)
praštati,2,1,o+praštati (5)
bаvi,2,1,o+bаvi (1)
račiti,2,1,v+račiti (1)
ganuti,2,1,u+ganuti (1)
dozrevati,2,1,po+dozrevati (2)
razmeriti,2,1,s+razmeriti (1)
krojiti,2,1,s+krojiti (3)
psovati,2,1,o+psovati (1)
vlažiti,2,1,na+vlažiti (6)
uviti,2,1,s+uviti (1)
zbijati,2,1,su+zbijati (5)
klatiti,2,1,ras+klatiti (2)
klevetati,2,1,o+klevetati (1)
obiđiti,2,1,za+obiđiti (2)
mrsiti,2,1,raz+mrsiti (1)
jaki,2,1,u+jaki (1)
grijati,2,1,u+grijati (1)
pečeti,2,1,pre+pečeti (1)
legneti,2,1,pri+legneti (1)
dišati,2,1,u+dišati (1)
piriti,2,1,o+piriti (3)
slageti,2,1,po+slageti (1)
sijeti,2,1,pre+sijeti (1)
okazati,2,1,s+okazati (1)
klasiti,2,1,pod+klasiti (1)
litati,2,1,s+litati (9)
povoditi,2,1,s+povoditi (1)
strukturisati,2,1,pre+strukturisati (1)
svjeti,2,1,pro+svjeti (1)
glati,2,1,o+glati (2)
jemčiti,2,1,za+jemčiti (1)
cekati,2,1,do+cekati (3)
rast,2,1,po+rast (1)
mahnuti,2,1,raz+mahnuti (1)
klesati,2,1,u+klesati (1)
soliti,2,1,po+soliti (10)
tapkati,2,1,u+tapkati (1)
spravljati,2,1,u+spravljati (1)
stetiti,2,1,o+stetiti (1)
gnječiti,2,1,pro+gnječiti (1)
jesiti,2,1,ob+jesiti (1)
dovati,2,1,po+dovati (2)
ovjeriti,2,1,pr+ovjeriti (174)
pleliti,1,1,pre+pleliti (2)
mogućiti,1,1,o+mogućiti (1034)
koloniti,1,1,ot+koloniti (1)
nišaniti,1,1,na+nišaniti (1)
bligati,1,1,pri+bligati (1)
potaći,1,1,s+potaći (1)
jebeti,1,1,od+jebeti (1)
ogovarati,1,1,pr+ogovarati (1)
prepastiti,1,1,za+prepastiti (1)
plijeniti,1,1,za+plijeniti (1)
sisati,1,1,u+sisati (2)
rаdili,1,1,od+rаdili (1)
ženiti,1,1,o+ženiti (15)
legnuti,1,1,na+legnuti (1)
stran,1,1,pro+stran (1)
vagati,1,1,u+vagati (4)
robiti,1,1,za+robiti (11)
lijeti,1,1,pre+lijeti (2)
groziti,1,1,u+groziti (79)
diskutivati,1,1,pro+diskutivati (1)
klјuča,1,1,pro+klјuča (1)
golicati,1,1,za+golicati (3)
okružavati,1,1,za+okružavati (1)
blistati,1,1,za+blistati (5)
skiti,1,1,u+skiti (1)
keti,1,1,s+keti (5)
tuđiti,1,1,o+tuđiti (3)
intrigirati,1,1,za+intrigirati (5)
prstiti,1,1,na+prstiti (2)
užasti,1,1,pr+užasti (1)
ponaći,1,1,o+ponaći (1)
lititi,1,1,s+lititi (1)
njagati,1,1,pred+njagati (4)
sigurati,1,1,o+sigurati (290)
beleziti,1,1,o+beleziti (1)
stičiti,1,1,pod+stičiti (1)
sesti,1,1,na+sesti (3)
tuti,1,1,ras+tuti (17)
nečistiti,1,1,o+nečistiti (1)
dsvesti,1,1,po+dsvesti (9)
ostajeti,1,1,za+ostajeti (1)
plačati,1,1,ras+plačati (1)
redovati,1,1,u+redovati (1)
odaći,1,1,pr+odaći (1)
bаviti,1,1,o+bаviti (1)
ganjati,1,1,pro+ganjati (5)
građati,1,1,pred+građati (2)
daditi,1,1,do+daditi (1)
kaljati,1,1,o+kaljati (1)
resiti,1,1,po+resiti (6)
njačiti,1,1,pred+njačiti (9)
pojati,1,1,s+pojati (17)
savivati,1,1,pre+savivati (1)
tegati,1,1,s+tegati (2)
jebiti,1,1,od+jebiti (1)
trpjeti,1,1,pre+trpjeti (4)
basti,1,1,iz+basti (1)
pakirati,1,1,ras+pakirati (1)
agati,1,1,v+agati (1)
ruka,1,1,po+ruka (1)
rići,1,1,iz+rići (6)
trgnuti,1,1,o+trgnuti (5)
osveti,1,1,pr+osveti (2)
jebati,1,1,na+jebati (1)
privati,1,1,za+privati (1)
pišati,1,1,na+pišati (2)
zakoniti,1,1,o+zakoniti (1)
lirati,1,1,po+lirati (3)
okretiti,1,1,pre+okretiti (1)
oki,1,1,ot+oki (2)
znojati,1,1,pre+znojati (1)
tkaniti,1,1,u+tkaniti (1)
šiti,1,1,u+šiti (14)
braditi,1,1,o+braditi (58)
tasati,1,1,s+tasati (5)
znаti,1,1,po+znаti (2)
šutiti,1,1,pre+šutiti (1)
poruciti,1,1,pre+poruciti (1)
krećati,1,1,po+krećati (1)
kalupiti,1,1,u+kalupiti (1)
stаvljаo,1,1,po+stаvljаo (1)
tečati,1,1,za+tečati (1)
pljuvati,1,1,po+pljuvati (1)
udeti,1,1,s+udeti (10)
baziti,1,1,o+baziti (1)
tanjiti,1,1,ras+tanjiti (4)
zavideti,1,1,po+zavideti (1)
ignorirati,1,1,iz+ignorirati (1)
steriti,1,1,po+steriti (2)
bauljati,1,1,do+bauljati (1)
teliti,1,1,sa+teliti (1)
barati,1,1,o+barati (7)
usreti,1,1,s+usreti (92)
krepiti,1,1,o+krepiti (3)
naciti,1,1,pro+naciti (2)
skrnaviti,1,1,o+skrnaviti (2)
nаći,1,1,pro+nаći (2)
ustavati,1,1,s+ustavati (111)
uhati,1,1,ob+uhati (1)
domisliti,1,1,pre+domisliti (10)
nervoziti,1,1,u+nervoziti (1)
dogradnjiti,1,1,na+dogradnjiti (1)
guglati,1,1,o+guglati (1)
vratati,1,1,po+vratati (1)
sežeti,1,1,po+sežeti (1)
stadošiti,1,1,po+stadošiti (1)
okružiti,1,1,za+okružiti (29)
ispeti,1,1,pr+ispeti (7)
savršiti,1,1,u+savršiti (41)
sakatiti,1,1,o+sakatiti (2)
doliti,1,1,o+doliti (8)
snažiti,1,1,o+snažiti (61)
rijeći,1,1,po+rijeći (2)
prineti,1,1,do+prineti (730)
modelovati,1,1,iz+modelovati (1)
pečiti,1,1,s+pečiti (1)
plešati,1,1,pro+plešati (1)
logirati,1,1,u+logirati (1)
sladiti,1,1,za+sladiti (6)
pečati,1,1,za+pečati (2)
betonirati,1,1,u+betonirati (1)
glancati,1,1,iz+glancati (1)
čestvovati,1,1,u+čestvovati (1674)
umišljati,1,1,pred+umišljati (1)
pititi,1,1,u+pititi (19)
kititi,1,1,o+kititi (4)
djesti,1,1,u+djesti (1)
ristiti,1,1,v+ristiti (1)
doviti,1,1,po+doviti (4)
masiti,1,1,pro+masiti (3)
samostati,1,1,o+samostati (1)
vojevati,1,1,iz+vojevati (7)
logovati,1,1,u+logovati (1)
rezbariti,1,1,iz+rezbariti (1)
upriti,1,1,od+upriti (4)
vedriti,1,1,raz+vedriti (1)
obavati,1,1,pr+obavati (18)
dimenzionisati,1,1,pre+dimenzionisati (1)
nivati,1,1,s+nivati (1)
svanuti,1,1,o+svanuti (5)
sučeti,1,1,za+sučeti (3)
prežati,1,1,na+prežati (1)
dusiti,1,1,do+dusiti (1)
gnjaviti,1,1,u+gnjaviti (1)
sobiti,1,1,o+sobiti (2)
rtati,1,1,po+rtati (48)
nemoći,1,1,iz+nemoći (2)
sramiti,1,1,po+sramiti (2)
smijati,1,1,na+smijati (1)
uocavati,1,1,s+uocavati (3)
obiveti,1,1,pr+obiveti (8)
čučiti,1,1,u+čučiti (1)
kleknuti,1,1,po+kleknuti (1)
šlati,1,1,po+šlati (18)
glačati,1,1,u+glačati (1)
nostiti,1,1,do+nostiti (1)
uputi,1,1,s+uputi (5)
kuniti,1,1,pro+kuniti (1)
sloboditi,1,1,o+sloboditi (108)
stvarivati,1,1,o+stvarivati (322)
gostiti,1,1,u+gostiti (74)
suglasiti,1,1,u+suglasiti (1)
nadjeti,1,1,pro+nadjeti (10)
kаžemo,1,1,po+kаžemo (1)
rđati,1,1,za+rđati (1)
smešiti,1,1,na+smešiti (5)
šminkati,1,1,na+šminkati (2)
ovaliti,1,1,pr+ovaliti (4)
seniti,1,1,za+seniti (2)
ejati,1,1,s+ejati (5)
pasati,1,1,s+pasati (4)
plasiti,1,1,u+plasiti (1)
trujati,1,1,s+trujati (40)
grditi,1,1,iz+grditi (3)
mačiti,1,1,u+mačiti (1)
restiti,1,1,s+restiti (4)
zretiti,1,1,na+zretiti (1)
inati,1,1,raz+inati (1)
avljati,1,1,ob+avljati (580)
nistiti,1,1,u+nistiti (3)
zeliti,1,1,po+zeliti (1)
slonati,1,1,za+slonati (4)
brkati,1,1,po+brkati (1)
toneti,1,1,ot+toneti (1)
puti,1,1,u+puti (1)
žvatiti,1,1,sa+žvatiti (1)
sijavati,1,1,pre+sijavati (1)
sitniti,1,1,u+sitniti (3)
okopavati,1,1,pr+okopavati (1)
ezbeđivati,1,1,ob+ezbeđivati (501)
braći,1,1,o+braći (8)
opstiti,1,1,u+opstiti (1)
vetriti,1,1,pro+vetriti (1)
brujati,1,1,za+brujati (1)
