lemma,lemma_freq,surface_form_examples_top
biti,5045,biti
hteti,526,hteli
reći,395,reći
moći,207,moći
kazati,169,
imati,164,ima; imaju; imati
trebati,144,trebalo; treba; trenirao
morati,119,mora; moraju; morati
izjaviti,117,izjavio; izjavila; izjavili
dobiti,81,dobila; dobio; dobije
želeti,62,želi; žele; želimo
očekivati,62,očekuje; očekuju; očekujete
postati,61,postoji; postane; postala
postojati,57,postoji; postane; postala
saopštiti,57,saopštila; saopštio; saopštilo
početi,57,počeo; početi; počela
raditi,53,radi; rade; raditi
navoditi,47,navodi; naveo; navela
dodati,46,dodao; dodaje; dodala
koristiti,45,koriste; koristi; koristila
predstavljati,42,predstavlja; prenosi; predstavljaju
smatrati,42,smatra; smatraju; smanjila
sastati,42,sastao; sastali; sastati
otvoriti,39,otvori; otvorio; otvorila
potpisati,39,potpisali; potpisala; potpisale
nastaviti,38,nastaviti; nastavi; nastave
nemati,38,nema; nemaju; nemamo
nalaziti,37,nalaze; nalazi; nalazimo
činiti,35,čine; čini; činile
pozvati,35,pozvao; poziva; pozvala
pomoći,34,pomoći; pomogne; pomaže
pokazati,33,pokušavaju; pokazuju; pokazuje
nadati,32,nada; nadaju; nadgleda
doneti,32,doneli; donosi; doneti
ostati,32,ostati; ostaje; ostane
dati,31,dati; datiraju
voditi,31,vode; vodi; vodio
razgovarati,31,razgovara; razgovarao; razmotri
planirati,31,planira; plati; planiraju
značiti,31,znači; zna; znaju
ukazati,31,ukazao; ukazuje; ukazala
tražiti,30,traži; traže; trajati
izraziti,30,izrazio; izrazila; izrazili
videti,29,vidi; vidimo; vide
verovati,28,veruje; verujem; veruju
uključivati,28,uključuje; uključuju; uključivati
ispuniti,27,ispuni; ispunila; ispune
osvojiti,27,osvojio; osvojila; osvoje
tvrditi,26,tvrdi; tvrde; tvrdili
pokušavati,26,pokušavaju; pokazuju; pokazuje
živeti,26,živi; žive; živimo
pozivati,26,pozvao; poziva; pozvala
pokazivati,26,pokušavaju; pokazuju; pokazuje
povećati,26,povećala; povuče; povećao
iznositi,26,iznosi; iznela; iznosio
suočavati,25,suočava; suočavaju; suoči
učestvovati,25,učestvuju; učestvuje; učestvovalo
završiti,25,zavisi; završi; završio
preuzeti,25,predstavlja; prenosi; predstavljaju
misliti,24,mislim; misle; misli
postići,24,postoji; postane; postala
doći,24,doći
podržati,23,podneo; podržava; podržao
uspeti,23,uspeo; uspostavi; uspeli
prisustvovati,23,prisustvovao; pridružila; pridruži
ostvariti,23,ostati; ostaje; ostane
promeniti,22,pronađe; pronađu; protivi
podneti,22,podneo; podržava; podržao
omogućiti,22,omogućava; omogućilo; omogućila
pronaći,22,pronađe; pronađu; protivi
pokrenuti,22,pokušavaju; pokazuju; pokazuje
usvojiti,22,usvojila; usvoji; usvojio
organizovati,22,organizuju; organizovali; organizovao
dovesti,21,dovela; dovede; dovesti
podržavati,21,podneo; podržava; podržao
uraditi,21,uradi; uraditi; uradila
pridružiti,21,prisustvovao; pridružila; pridruži
upozoriti,21,upozorio; upozorila; upozoravaju
izgubiti,21,izgubio; izgubili; izgraditi
prihvatiti,20,prisustvovao; pridružila; pridruži
odlučiti,20,odlučio; odluči; odlučili
održati,20,održi; održava; održavaju
govoriti,19,govori; govore; govorim
ostajati,19,ostati; ostaje; ostane
istaći,19,istakao; ističe; ističu
složiti,19,složili; složile; složila
pokušati,19,pokušavaju; pokazuju; pokazuje
ukazivati,18,ukazao; ukazuje; ukazala
sarađivati,18,sarađuje; sarađuju; sarađivala
odbaciti,18,odbacio; odbio; odbili
izvestiti,18,izvestio; izveštava; izvestila
objaviti,18,objavila; objasnio; objašnjava
rešiti,17,reši; rešava; reše
učiniti,17,učiniti; učinili; učinio
stajati,17,stavi; stavljaju; stave
održavati,17,održi; održava; održavaju
povući,17,povećala; povuče; povećao
slagati,16,slaže; slažu; slavili
zavisiti,16,zavisi; završi; završio
obećati,16,obećao; obezbediti; obezbedi
priznati,16,prisustvovao; pridružila; pridruži
ponuditi,16,ponovio; ponuditi; ponudio
predložiti,16,predstavlja; prenosi; predstavljaju
izazvati,16,izabere; izazove; izazvati
znati,16,znači; zna; znaju
obezbediti,16,obećao; obezbediti; obezbedi
pružati,16,pruža; pružaju; pružio
uticati,15,utiče; uticati; uticali
dogoditi,15,dogodio; dogodilo; dogoditi
napustiti,15,napuste; napisao; napravi
otići,15,otišla; otišao; otišli
posetiti,15,postoji; postane; postala
odnositi,15,odnose; odnosila; odnositi
ići,15,
predstaviti,15,predstavlja; prenosi; predstavljaju
uslediti,15,usledila; usledili; usledio
izneti,15,iznosi; iznela; iznosio
vratiti,15,vratio; vrati; vraća
smanjiti,15,smatra; smatraju; smanjila
boraviti,15,boravio; bori; boravi
navesti,14,navodi; naveo; navela
ući,14,ući
glasati,14,glasati; glasaju; glasali
izabrati,14,izabere; izazove; izazvati
zatražiti,14,zatražio; zatraži; zatražiti
vršiti,14,vrše; vrši
protiviti,14,pronađe; pronađu; protivi
trajati,14,traži; traže; trajati
uložiti,13,uložila; uložiti; uloži
potvrditi,13,potpisali; potpisala; potpisale
odbiti,13,odbacio; odbio; odbili
krenuti,13,krene; kreće; krenula
poslati,13,postoji; postane; postala
zahtevati,13,zahteva; zahtevaju; zahtevati
dozvoliti,13,dozvoli; dozvole; dozvoljava
okupiti,13,okupio; okupilo; okuplja
dodavati,13,dodao; dodaje; dodala
prenositi,13,predstavlja; prenosi; predstavljaju
sprečiti,13,sprovodi; sprečiti; spreči
napraviti,13,napuste; napisao; napravi
doputovati,13,doputovao; doprinese; doprinosi
ostaviti,13,ostati; ostaje; ostane
omogućavati,12,omogućava; omogućilo; omogućila
zaključiti,12,zaključuje; zaključio; zaključile
predviđati,12,predstavlja; prenosi; predstavljaju
naglasiti,12,naglasio; naglašava; naglasila
preduzeti,12,predstavlja; prenosi; predstavljaju
osuditi,12,osudio; osudila; osuditi
igrati,12,igra; igraju; igrao
dostići,12,dostići; dostigle; dostigne
dobijati,11,dobila; dobio; dobije
isticati,11,istakao; ističe; ističu
osigurati,11,osigura; osiguraju; osigurali
uspostaviti,11,uspeo; uspostavi; uspeli
držati,11,držala; drži; držao
blokirati,11,blokirali; blokiraju; blokira
pojačati,11,pojača; pojavljuju; pojačati
izvršiti,11,izvestio; izveštava; izvestila
zaustaviti,11,zaustavi; zaustavile; zaustave
suočiti,11,suočava; suočavaju; suoči
nameravati,11,namerava; nametnuo; nameste
proglasiti,11,pronađe; pronađu; protivi
razmotriti,11,razgovara; razgovarao; razmotri
sprovesti,11,sprovodi; sprečiti; spreči
najaviti,11,najavio; najavila; najavile
objasniti,11,objavila; objasnio; objašnjava
rešavati,10,reši; rešava; reše
platiti,10,planira; plati; planiraju
naći,10,naći
ponoviti,10,ponovio; ponuditi; ponudio
poginuti,10,poginuo; pogodila; pogodile
funkcionisati,10,funkcioniše; funkcionisao; funkcionisati
ulaziti,10,ulazi; ulaze
reagovati,10,realizuje; reaguju; reagovala
izdati,10,izdao; izdala; izdali
pružiti,10,pruža; pružaju; pružio
promovisati,10,pronađe; pronađu; protivi
sprovoditi,10,sprovodi; sprečiti; spreči
uputiti,10,uputio; uputi; uputila
proći,10,pronađe; pronađu; protivi
razmatrati,10,razgovara; razgovarao; razmotri
pobediti,10,pobedila; poboljšaju; pobedio
nuditi,10,nudi; nude; nudio
odobriti,10,odobri; odobrila; odobrio
podstaći,10,podneo; podržava; podržao
upozoravati,10,upozorio; upozorila; upozoravaju
olakšati,10,olakšati; olakšalo; olakša
stvoriti,10,stvoriti; stvaraju; stvara
kupiti,10,kupio; kupi; kupila
pomagati,9,pomoći; pomogne; pomaže
obavljati,9,obavlja; obavljaju; obavio
poštovati,9,poštuje; pošalje; pošalju
formirati,9,formirali; formiraju; formira
donositi,9,doneli; donosi; doneti
gledati,9,gledaju; gledali; gleda
doprineti,9,doputovao; doprinese; doprinosi
slediti,9,slede; slediti; sledimo
desiti,9,desiti; desi; desila
žaliti,9,žale; žalili; žalila
iskoristiti,9,iskoristiti; iskoristi; iskomplikuje
postavljati,9,postoji; postane; postala
insistirati,9,insistira; insistirati; insistirao
baviti,9,bave; bavi
uhapsiti,9,uhapsila; uhapse; uhapsile
uživati,9,uživaju; uživa; uživao
unaprediti,9,unapredi; unaprede; unaprediti
pogoditi,9,poginuo; pogodila; pogodile
pozdraviti,9,pozvao; poziva; pozvala
porasti,9,poraslo; porasla; porastao
napasti,9,napuste; napisao; napravi
zabeležiti,9,zabrani; zabeležila; zabrinjava
pretvoriti,9,predstavlja; prenosi; predstavljaju
odrediti,9,održi; održava; održavaju
izaći,9,izabere; izazove; izazvati
zalagati,9,zalaže; zalagati
prodati,8,pronađe; pronađu; protivi
kritikovati,8,kritikuje; kritikovao; kritikuju
staviti,8,stavi; stavljaju; stave
delovati,8,dele; deluju; deluje
odvijati,8,odvija; odvijati; odvratiti
definisati,8,definisati; definiše; definisala
podići,8,podneo; podržava; podržao
otkriti,8,otkrila; otkrili; otkrilo
primiti,8,prisustvovao; pridružila; pridruži
protestovati,8,pronađe; pronađu; protivi
pisati,8,
investirati,8,investiraju; investira; investirala
dominirati,8,dominira; dominiraju
počinjati,8,počeo; početi; počela
voleti,8,volim; volela
napredovati,8,napuste; napisao; napravi
zameniti,8,zameniti; zamene; zameniće
odustati,8,odustane; odustaje; odu
dolaziti,8,dolazi; dolaze
poboljšati,8,pobedila; poboljšaju; pobedio
procenjivati,8,pronađe; pronađu; protivi
menjati,8,menja; menjati
izgledati,7,izgubio; izgubili; izgraditi
steći,7,ste; stekao; steći
boriti,7,boravio; bori; boravi
fokusirati,7,fokusiraće; fokusira; fokusiraju
nositi,7,nosili; nose; nosi
davati,7,
putovati,7,putuju; putovati; putujete
sadržati,7,sadrži; sadržaće
primenjivati,7,prisustvovao; pridružila; pridruži
okončati,7,okonča; okončati; okončaju
koštati,7,košta; koštao; koštaju
ukinuti,7,ukine; ukida; ukinu
opisati,7,opisuje; opisala; opisao
pratiti,7,prave; prate; prati
obeležiti,7,obećao; obezbediti; obezbedi
privući,7,prisustvovao; pridružila; pridruži
osećati,7,osećaju; osećam; osetilo
eksplodirati,7,eksplodirala; eksplodirao
ratifikovati,7,ratifikovao; ratifikovati; ratifikuju
izveštavati,7,izvestio; izveštava; izvestila
težiti,7,teže; teži; težiti
nadgledati,7,nada; nadaju; nadgleda
obezbeđivati,7,obećao; obezbediti; obezbedi
pripadati,7,prisustvovao; pridružila; pridruži
pasti,7,
posmatrati,7,postoji; postane; postala
primorati,6,prisustvovao; pridružila; pridruži
dovoditi,6,dovela; dovede; dovesti
odgovoriti,6,odgovorio; odgovorili; odgovarao
izvesti,6,izvestio; izveštava; izvestila
postignuti,6,postoji; postane; postala
izgraditi,6,izgubio; izgubili; izgraditi
pretiti,6,predstavlja; prenosi; predstavljaju
pohvaliti,6,pohvalio
rezultirati,6,rezultirao; rezultiralo; rezultirala
ubiti,6,ubio; ubija; ubile
prestati,6,predstavlja; prenosi; predstavljaju
odigrati,6,odigrali; odigralo; odigrao
prevazići,6,predstavlja; prenosi; predstavljaju
pomenuti,6,pomoći; pomogne; pomaže
objašnjavati,6,objavila; objasnio; objašnjava
bacati,6,bacaju; bacile; bacila
pretrpeti,6,predstavlja; prenosi; predstavljaju
zabraniti,6,zabrani; zabeležila; zabrinjava
ostvarivati,6,ostati; ostaje; ostane
tužiti,6,tužio; tužiće; tuži
predati,6,predstavlja; prenosi; predstavljaju
pokretati,6,pokušavaju; pokazuju; pokazuje
čekati,6,čekaju; čeka; čekamo
utvrditi,6,utvrdi; utvrdio; utvrde
ustvrditi,6,ustvrdio; ustuknula; ustanoviti
otputovati,6,otpustile; otputovala; otplate
prijaviti,6,prisustvovao; pridružila; pridruži
osnovati,6,osnovala; osnovale; osnuju
pitati,6,pitaju
svedočiti,6,svedočio; svedoče
smanjivati,5,smatra; smatraju; smanjila
brinuti,5,brine
podnositi,5,podneo; podržava; podržao
birati,5,biraju; birati; biralo
zaključivati,5,zaključuje; zaključio; zaključile
garantovati,5,garantuje; garantovati; garantuju
pominjati,5,pomoći; pomogne; pomaže
postajati,5,postoji; postane; postala
služiti,5,slušali; služe; služi
doprinositi,5,doputovao; doprinese; doprinosi
uvesti,5,uvere; uvezlo; uvela
nazvati,5,nazivaju; nazvao; nazvala
opisivati,5,opisuje; opisala; opisao
izražavati,5,izrazio; izrazila; izrazili
deliti,5,dele; deluju; deluje
kretati,5,krene; kreće; krenula
odražavati,5,održi; održava; održavaju
završavati,5,zavisi; završi; završio
poslužiti,5,postoji; postane; postala
štititi,5,štiti; štite
napisati,5,napuste; napisao; napravi
izbiti,5,izbili; izbegne; izbegao
zauzeti,5,zaustavi; zaustavile; zaustave
ubediti,5,ubede; uberu
postaviti,5,postoji; postane; postala
raspravljati,5,raskinula; raspravlja; rasteraju
mešati,5,meša; mešamo
ustanoviti,5,ustvrdio; ustuknula; ustanoviti
nazivati,5,nazivaju; nazvao; nazvala
uzrokovati,5,uzrokovala
pristupiti,5,prisustvovao; pridružila; pridruži
suditi,5,sudi
izlaziti,5,izlaze; izlazi; izlaže
obelodaniti,5,obećao; obezbediti; obezbedi
strahovati,5,strahuju
podsticati,5,podneo; podržava; podržao
obećavati,5,obećao; obezbediti; obezbedi
usredsrediti,5,usredsrediti
uzeti,5,uzeti; uzeli
dodeliti,5,dodao; dodaje; dodala
predlagati,5,predstavlja; prenosi; predstavljaju
pripremiti,5,prisustvovao; pridružila; pridruži
privlačiti,5,prisustvovao; pridružila; pridruži
preneti,5,predstavlja; prenosi; predstavljaju
podeliti,5,podneo; podržava; podržao
analizirati,4,analizira
nedostajati,4,nedostaju; nedostajali
shvatiti,4,shvate; shvatam; shvatiti
zasluživati,4,zaslužuju; zaslužujemo; zaspe
razlikovati,4,razgovara; razgovarao; razmotri
razvijati,4,razgovara; razgovarao; razmotri
slušati,4,slušali; služe; služi
obraćati,4,obraćaju; obrate; obrazloži
posedovati,4,postoji; postane; postala
gubiti,4,gubi; gube
približiti,4,prisustvovao; pridružila; pridruži
izraditi,4,izrazio; izrazila; izrazili
ubrzati,4,ubrza; ubrzava; ubrzao
privesti,4,prisustvovao; pridružila; pridruži
odbijati,4,odbacio; odbio; odbili
optužiti,4,optužili; optužila
preći,4,predstavlja; prenosi; predstavljaju
ploviti,4,plovio; plove
prekinuti,4,predstavlja; prenosi; predstavljaju
braniti,4,branila
zatvoriti,4,zatražio; zatraži; zatražiti
obratiti,4,obraćaju; obrate; obrazloži
uvoditi,4,uvodi; uvode
oslabiti,4,oslabili; oslabila; oslanjaju
izvoditi,4,izvestio; izveštava; izvestila
povezivati,4,povećala; povuče; povećao
preporučiti,4,predstavlja; prenosi; predstavljaju
doživeti,4,dožive; doživela
uništiti,4,uništiti; uništi
odbacivati,4,odbacio; odbio; odbili
naučiti,4,nauči
naglašavati,4,naglasio; naglašava; naglasila
dogovoriti,4,dogodio; dogodilo; dogoditi
praviti,4,prave; prate; prati
pobeći,4,pobedila; poboljšaju; pobedio
čuti,4,
pričati,4,prisustvovao; pridružila; pridruži
baciti,4,bacaju; bacile; bacila
narediti,4,naredio; narušili
javiti,4,javili; javlja
graditi,4,grade; gradi
povratiti,4,povećala; povuče; povećao
stići,4,stiže; stigla; stiglo
stvarati,4,stvoriti; stvaraju; stvara
izazivati,4,izabere; izazove; izazvati
uhvatiti,4,uhvati
uključiti,4,uključuje; uključuju; uključivati
sumnjati,4,sumnjaju
registrovati,4,registruju; registruje
razviti,4,razgovara; razgovarao; razmotri
razumeti,4,razgovara; razgovarao; razmotri
ležati,4,leži
zadržati,4,zadrži; zadaju; zadobio
predvoditi,4,predstavlja; prenosi; predstavljaju
pregovarati,4,predstavlja; prenosi; predstavljaju
namestiti,4,namerava; nametnuo; nameste
koordinirati,4,koordiniraju; koordinira
otplatiti,4,otpustile; otputovala; otplate
dozvoljavati,4,dozvoli; dozvole; dozvoljava
ograničiti,4,ograničava; ograničiti
apelovati,4,apelovao
upravljati,4,upravlja; upravljalo; upropastili
proširiti,4,pronađe; pronađu; protivi
objavljivati,4,objavila; objasnio; objašnjava
pretpostavljati,4,predstavlja; prenosi; predstavljaju
odreći,4,održi; održava; održavaju
prodavati,3,pronađe; pronađu; protivi
otpustiti,3,otpustile; otputovala; otplate
nametnuti,3,namerava; nametnuo; nameste
zapošljavati,3,zapretili; zapošljavaju; zaplaši
obnoviti,3,obnovila
zaplašiti,3,zapretili; zapošljavaju; zaplaši
plaćati,3,planira; plati; planiraju
poslovati,3,postoji; postane; postala
okrenuti,3,okreće; okrenuo; okrive
nastavljati,3,nastaviti; nastavi; nastave
spekulisati,3,spekulišu; spečili
preuzimati,3,predstavlja; prenosi; predstavljaju
ujediniti,3,ujedinimo; ujedini
željeti,3,želi; žele; želimo
počivati,3,počeo; početi; počela
ponašati,3,ponovio; ponuditi; ponudio
ukidati,3,ukine; ukida; ukinu
stavljati,3,stavi; stavljaju; stave
uskladiti,3,uskladio
predstojati,3,predstavlja; prenosi; predstavljaju
započeti,3,zapretili; zapošljavaju; zaplaši
predvideti,3,predstavlja; prenosi; predstavljaju
kontaktirati,3,kontaktirao; kontaktirali
prihvatati,3,prisustvovao; pridružila; pridruži
sprečavati,3,sprovodi; sprečiti; spreči
pozdravljati,3,pozvao; poziva; pozvala
prebaciti,3,predstavlja; prenosi; predstavljaju
nadmetati,3,nada; nadaju; nadgleda
dokazati,3,dokaže; dokazuju; dokazala
prelaziti,3,predstavlja; prenosi; predstavljaju
zarađivati,3,zarađivati; zarađuju; zarađuje
zabrinjavati,3,zabrani; zabeležila; zabrinjava
propasti,3,pronađe; pronađu; protivi
podrazumevati,3,podneo; podržava; podržao
povećavati,3,povećala; povuče; povećao
potopiti,3,potpisali; potpisala; potpisale
žrtvovati,3,žrtvovali; žrtvuje
okupljati,3,okupio; okupilo; okuplja
datirati,3,dati; datiraju
kršiti,3,krše; krši
prijavljivati,3,prisustvovao; pridružila; pridruži
slati,3,slaže; slažu; slavili
računati,3,računa
izbegavati,3,izbili; izbegne; izbegao
prolaziti,3,pronađe; pronađu; protivi
predsedavati,3,predstavlja; prenosi; predstavljaju
vraćati,3,vratio; vrati; vraća
izbegnuti,3,izbili; izbegne; izbegao
javljati,3,javili; javlja
sukobiti,3,sukobilo; sukobili; sukobljavao
zapretiti,3,zapretili; zapošljavaju; zaplaši
sastajati,3,sastao; sastali; sastati
odlučivati,3,odlučio; odluči; odlučili
ispostaviti,3,ispuni; ispunila; ispune
nadoknaditi,3,nada; nadaju; nadgleda
vladati,3,vladao
premestiti,3,predstavlja; prenosi; predstavljaju
emitovati,3,emitovala; emituju
ojačati,3,ojačati
propustiti,3,pronađe; pronađu; protivi
snimiti,3,snimi; snima
važiti,3,važi
obuhvatati,3,obuhvata
polagati,3,polagali; polažu; politizovale
odati,3,odali; odaju; odabere
preduzimati,3,predstavlja; prenosi; predstavljaju
informisati,3,informisala; infiltriraju; informisao
pojavljivati,3,pojača; pojavljuju; pojačati
plašiti,3,planira; plati; planiraju
zaštititi,3,zaštititi
događati,3,dogodio; dogodilo; dogoditi
ticati,3,ticati
čuvati,3,čuva
potvrđivati,3,potpisali; potpisala; potpisale
nastati,3,nastaviti; nastavi; nastave
otvarati,3,otvori; otvorio; otvorila
izručiti,3,izrazio; izrazila; izrazili
pojaviti,3,pojača; pojavljuju; pojačati
preminuti,3,predstavlja; prenosi; predstavljaju
pomeriti,3,pomoći; pomogne; pomaže
pripremati,3,prisustvovao; pridružila; pridruži
naslediti,3,nastaviti; nastavi; nastave
dugovati,3,duguju; duguje
proceniti,3,pronađe; pronađu; protivi
premašivati,3,predstavlja; prenosi; predstavljaju
pristati,3,prisustvovao; pridružila; pridruži
pripisivati,3,prisustvovao; pridružila; pridruži
popeti,3,popuni; popravljali
spremati,3,sprovodi; sprečiti; spreči
prebroditi,3,predstavlja; prenosi; predstavljaju
širiti,3,širi
ubijati,3,ubio; ubija; ubile
oživeti,3,
izmeniti,3,izmišlja
odraziti,3,održi; održava; održavaju
žuriti,3,žure
poticati,3,potpisali; potpisala; potpisale
citirati,3,citirala
istražiti,3,istakao; ističe; ističu
beležiti,3,beleže
okretati,3,okreće; okrenuo; okrive
ugrožavati,2,ugroziti; ugrožava; ugrizle
ispunjavati,2,ispuni; ispunila; ispune
izbeći,2,izbili; izbegne; izbegao
zapleniti,2,zapretili; zapošljavaju; zaplaši
preispitati,2,predstavlja; prenosi; predstavljaju
proizlaziti,2,pronađe; pronađu; protivi
uzdrmati,2,uzdrmala
izneveriti,2,iznosi; iznela; iznosio
imenovati,2,imenuje; imenovao
proisticati,2,pronađe; pronađu; protivi
spadati,2,spasu; spada; spadne
spasti,2,spasu; spada; spadne
podsetiti,2,podneo; podržava; podržao
bežati,2,beži
aktivirati,2,aktivirati; aktiviraju
pretražiti,2,predstavlja; prenosi; predstavljaju
realizovati,2,realizuje; reaguju; reagovala
sugerisati,2,sugerišu; sugerisao
izdavati,2,izdao; izdala; izdali
uzimati,2,uzimaju; uzimala
usloviti,2,usledila; usledili; usledio
oceniti,2,ocenio; ocenjuje
ustuknuti,2,ustvrdio; ustuknula; ustanoviti
obaviti,2,obavlja; obavljaju; obavio
marširati,2,marširaju; marširali
preseći,2,predstavlja; prenosi; predstavljaju
protezati,2,pronađe; pronađu; protivi
udariti,2,udara; udarili; udaljava
nestati,2,nestali
brojati,2,broje
odgovarati,2,odgovorio; odgovorili; odgovarao
rukovati,2,rukuje; rukuju
primetiti,2,prisustvovao; pridružila; pridruži
prikupiti,2,prisustvovao; pridružila; pridruži
ublažiti,2,ublažio
udvostručiti,2,udvostručiti; udvostruči
čitati,2,čitao
oštetiti,2,oštetili
naneti,2,nanela
porediti,2,poraslo; porasla; porastao
rizikovati,2,rizikuje
posredovati,2,postoji; postane; postala
pogoršavati,2,poginuo; pogodila; pogodile
osetiti,2,osećaju; osećam; osetilo
zamenjivati,2,zameniti; zamene; zameniće
svirati,2,sviđa; svira
rasterati,2,raskinula; raspravlja; rasteraju
stizati,2,stiže; stigla; stiglo
raskinuti,2,raskinula; raspravlja; rasteraju
usmeravati,2,usmeravali; usmrtila; usmerava
debatovati,2,debatuje
pretvarati,2,predstavlja; prenosi; predstavljaju
istraživati,2,istakao; ističe; ističu
trenirati,2,trebalo; treba; trenirao
proveravati,2,pronađe; pronađu; protivi
skrenuti,2,skrene; skremblovali
obmanjivati,2,obmanjivala; obmanjuju
lagati,2,lagali
upasti,2,upalo
opljačkati,2,opljačkalo
umanjiti,2,umanji; umanjio
izviniti,2,izvestio; izveštava; izvestila
prekidati,2,predstavlja; prenosi; predstavljaju
prekršiti,2,predstavlja; prenosi; predstavljaju
prikazivati,2,prisustvovao; pridružila; pridruži
udarati,2,udara; udarili; udaljava
naginjati,2,naglasio; naglašava; naglasila
zaboraviti,2,zabrani; zabeležila; zabrinjava
nastupati,2,nastaviti; nastavi; nastave
zaustavljati,2,zaustavi; zaustavile; zaustave
padati,2,pada
prikazati,2,prisustvovao; pridružila; pridruži
obilaziti,2,obilaziti
naljutiti,2,nalaze; nalazi; nalazimo
ocenjivati,2,ocenio; ocenjuje
ispoštovati,2,ispuni; ispunila; ispune
prebacivati,2,predstavlja; prenosi; predstavljaju
finansirati,2,finalizovao; finansirati; finansirao
paliti,2,palili
podgrejati,2,podneo; podržava; podržao
negirati,2,negira
ispitati,2,ispuni; ispunila; ispune
saobraćati,2,saopštila; saopštio; saopštilo
proslavljati,2,pronađe; pronađu; protivi
oprostiti,2,oprašta; opravdava; opredelila
odložiti,2,odlučio; odluči; odlučili
uveriti,2,uvere; uvezlo; uvela
truditi,2,trude
izboriti,2,izbili; izbegne; izbegao
dopreti,2,doputovao; doprinese; doprinosi
proizvesti,2,pronađe; pronađu; protivi
otežavati,2,otežava; oteti
potpadati,2,potpisali; potpisala; potpisale
patiti,2,pati; patiti
onemogućavati,2,onemogućavaju
požurivati,2,požurivati; požuruje
otpuštati,2,otpustile; otputovala; otplate
okrivljivati,2,okreće; okrenuo; okrive
diplomirati,2,diplomirali
posećivati,2,postoji; postane; postala
pozirati,2,pozvao; poziva; pozvala
otkupiti,2,otkrila; otkrili; otkrilo
pomiriti,2,pomoći; pomogne; pomaže
provesti,2,pronađe; pronađu; protivi
trpeti,2,trpi
usporiti,2,uspeo; uspostavi; uspeli
pripasti,2,prisustvovao; pridružila; pridruži
odlaziti,2,odlučio; odluči; odlučili
falsifikovati,2,falsifikovati
osporavati,2,osporio; osporava
pridržavati,2,prisustvovao; pridružila; pridruži
ohrabriti,2,ohrabruje; ohrabriti
ugroziti,2,ugroziti; ugrožava; ugrizle
priznavati,2,prisustvovao; pridružila; pridruži
silovati,2,silovali
oslanjati,2,oslabili; oslabila; oslanjaju
kandidovati,2,kandidovao
posvetiti,2,postoji; postane; postala
intervenisati,2,intenzivirati; intervenisati
počiniti,2,počeo; početi; počela
ograničavati,2,ograničava; ograničiti
saznati,2,
ulagati,2,ulazi; ulaze
poznavati,2,pozvao; poziva; pozvala
snositi,2,
izbaciti,2,izbili; izbegne; izbegao
stupati,2,stupa
slaviti,2,slaže; slažu; slavili
srušiti,2,
zapasti,2,zapretili; zapošljavaju; zaplaši
tumačiti,2,
izvući,2,izvestio; izveštava; izvestila
smenjivati,2,smenjuje
opstruirati,2,opstruiraju; opslužiti; opstale
smeniti,2,smenjuje
proširivati,2,pronađe; pronađu; protivi
uspostavljati,2,uspeo; uspostavi; uspeli
stabilizovati,2,stavi; stavljaju; stave
pojesti,2,pojača; pojavljuju; pojačati
suprotstaviti,2,
vrediti,2,vredi; vreba
pogoršati,2,poginuo; pogodila; pogodile
ulivati,2,
proučiti,2,pronađe; pronađu; protivi
preoteti,2,predstavlja; prenosi; predstavljaju
bojati,2,boje
nastupiti,2,nastaviti; nastavi; nastave
povrediti,2,povećala; povuče; povećao
preživeti,2,predstavlja; prenosi; predstavljaju
opasti,2,opao
spojiti,2,
osuđivati,2,osudio; osudila; osuditi
savetovati,2,
sećati,2,sećaju
negovati,2,negira
kažnjavati,2,kaže; kažu; kažemo
potresti,2,potpisali; potpisala; potpisale
zvati,2,
smeti,2,smenjuje
izložiti,2,izlaze; izlazi; izlaže
izvoziti,2,izvestio; izveštava; izvestila
naručiti,2,naredio; narušili
dočekivati,2,dočekivati
odavati,2,odali; odaju; odabere
nametati,2,namerava; nametnuo; nameste
osloboditi,2,oslabili; oslabila; oslanjaju
skidati,1,skidaju; skinuli
produbljivati,1,pronađe; pronađu; protivi
ispregovarati,1,ispuni; ispunila; ispune
ućutkati,1,ućutka
zamrznuti,1,zameniti; zamene; zameniće
potkrepljivati,1,potpisali; potpisala; potpisale
ignorisati,1,ignorisao
upropastiti,1,upravlja; upravljalo; upropastili
zaboravljati,1,zabrani; zabeležila; zabrinjava
iskomplikovati,1,iskoristiti; iskoristi; iskomplikuje
premostiti,1,predstavlja; prenosi; predstavljaju
nastajati,1,nastaviti; nastavi; nastave
napuštati,1,napuste; napisao; napravi
opraštati,1,oprašta; opravdava; opredelila
intenzivirati,1,intenzivirati; intervenisati
zabranjivati,1,zabrani; zabeležila; zabrinjava
čestitati,1,čestitao
ubrzavati,1,ubrza; ubrzava; ubrzao
frustrirati,1,frustriraju
naplaćivati,1,napuste; napisao; napravi
susretati,1,susretala; suspendovati
učvršćivati,1,učvršćuju
odustajati,1,odustane; odustaje; odu
živjeti,1,živi; žive; živimo
prevesti,1,predstavlja; prenosi; predstavljaju
isploviti,1,ispuni; ispunila; ispune
osujetiti,1,osudio; osudila; osuditi
sabotirati,1,sabotira
okriviti,1,okreće; okrenuo; okrive
isporučiti,1,ispuni; ispunila; ispune
prekontrolisati,1,predstavlja; prenosi; predstavljaju
otpremiti,1,otpustile; otputovala; otplate
ubrati,1,ubrza; ubrzava; ubrzao
shvatati,1,shvate; shvatam; shvatiti
obrazložiti,1,obraćaju; obrate; obrazloži
podgrevati,1,podneo; podržava; podržao
isključiti,1,iskoristiti; iskoristi; iskomplikuje
snabdevati,1,snabdevaju; snašao
oteti,1,otežava; oteti
umiriti,1,umiri
identifikovati,1,ide; identifikuju; idem
finalizovati,1,finalizovao; finansirati; finansirao
prazniti,1,prave; prate; prati
udruživati,1,udružuju
očuvati,1,očuva
modifikovati,1,modifikuje
uviti,1,uviju; uviđa
potruditi,1,potpisali; potpisala; potpisale
dokazivati,1,dokaže; dokazuju; dokazala
otuđiti,1,otuđi
sviđati,1,sviđa; svira
tinjati,1,tinjao
otrgnuti,1,otrgla
bombardovati,1,bombardovala
izolovati,1,izolovati
osiromašiti,1,osigura; osiguraju; osigurali
prositi,1,pronađe; pronađu; protivi
opslužiti,1,opstruiraju; opslužiti; opstale
ugristi,1,ugroziti; ugrožava; ugrizle
šutirati,1,šutira
ispasti,1,ispuni; ispunila; ispune
dignuti,1,digne
najavljivati,1,najavio; najavila; najavile
odlikovati,1,odlučio; odluči; odlučili
prepustiti,1,predstavlja; prenosi; predstavljaju
zauzimati,1,zaustavi; zaustavile; zaustave
skinuti,1,skidaju; skinuli
skloniti,1,sklonili
uručiti,1,uruči
izgledаti,1,izgubio; izgubili; izgraditi
signalizirati,1,signalizirao
odstupati,1,odstupa; odseli
rasplamsati,1,raskinula; raspravlja; rasteraju
podrivati,1,podneo; podržava; podržao
razotkrivati,1,razgovara; razgovarao; razmotri
osporiti,1,osporio; osporava
usmrtiti,1,usmeravali; usmrtila; usmerava
odvratiti,1,odvija; odvijati; odvratiti
uperiti,1,uperio
terorizovati,1,terorizuju; tereti
zadati,1,zadrži; zadaju; zadobio
moriti,1,mora; moraju; morati
zadobiti,1,zadrži; zadaju; zadobio
ubaciti,1,ubacio
odsesti,1,odstupa; odseli
brujati,1,brujale
zasuti,1,zaslužuju; zaslužujemo; zaspe
infiltrirati,1,informisala; infiltriraju; informisao
šetati,1,šetamo
uprskati,1,upravlja; upravljalo; upropastili
poneti,1,ponovio; ponuditi; ponudio
pokleknuti,1,pokušavaju; pokazuju; pokazuje
premašiti,1,predstavlja; prenosi; predstavljaju
stati,1,stavi; stavljaju; stave
cenjkati,1,cenjkati
glumiti,1,glumi
seliti,1,seli
letiti,1,
promašiti,1,pronađe; pronađu; protivi
naciljati,1,naciljala
uporediti,1,upozorio; upozorila; upozoravaju
gađati,1,gađao
provocirati,1,pronađe; pronađu; protivi
izmišljati,1,izmišlja
saslušati,1,sastao; sastali; sastati
tući,1,
karakterisati,1,karakteriše
opravdavati,1,oprašta; opravdava; opredelila
prodrmati,1,pronađe; pronađu; protivi
klicati,1,klicali
takmičiti,1,takmičili
projektovati,1,pronađe; pronađu; protivi
meriti,1,mere
duvati,1,duva
premeštati,1,predstavlja; prenosi; predstavljaju
proučavati,1,pronađe; pronađu; protivi
imitirati,1,imitiram
zanimati,1,zanima
krasiti,1,krasili
popuniti,1,popuni; popravljali
kvalifikovati,1,kvalifikovala
poraziti,1,poraslo; porasla; porastao
pridati,1,prisustvovao; pridružila; pridruži
isteći,1,istakao; ističe; ističu
reklamirati,1,rekao; rekla; rekli
opredeliti,1,oprašta; opravdava; opredelila
potrošiti,1,potpisali; potpisala; potpisale
razrešavati,1,razgovara; razgovarao; razmotri
politizovati,1,polagali; polažu; politizovale
unakaziti,1,unapredi; unaprede; unaprediti
rasporediti,1,raskinula; raspravlja; rasteraju
zaobići,1,zaobiđe
zadržavati,1,zadrži; zadaju; zadobio
sukobljavati,1,sukobilo; sukobili; sukobljavao
polaziti,1,polagali; polažu; politizovale
poraniti,1,poraslo; porasla; porastao
preskočiti,1,predstavlja; prenosi; predstavljaju
zatvarati,1,zatražio; zatraži; zatražiti
uviđati,1,uviju; uviđa
apsorbovati,1,apsorbuje; apstinirati
mobilizovati,1,mobilizuju
zahuktavati,1,zahteva; zahtevaju; zahtevati
naštetiti,1,našla; našao; našli
pogledati,1,poginuo; pogodila; pogodile
prevagnuti,1,predstavlja; prenosi; predstavljaju
apstinirati,1,apsorbuje; apstinirati
kreirati,1,krene; kreće; krenula
pomisliti,1,pomoći; pomogne; pomaže
minimalizovati,1,minimalizuje
degradirati,1,degradira
prevariti,1,predstavlja; prenosi; predstavljaju
potpomoći,1,potpisali; potpisala; potpisale
raspolagati,1,raskinula; raspravlja; rasteraju
izlagati,1,izlaze; izlazi; izlaže
zlostavljati,1,zlostavljaju; zloupotrebljavale
usuditi,1,usuditi
narušiti,1,naredio; narušili
skremblovati,1,skrene; skremblovali
sagorevati,1,sagorevaju
štampati,1,štampaju
kočiti,1,koči
voziti,1,vozi
prokomentarisati,1,pronađe; pronađu; protivi
pribeći,1,prisustvovao; pridružila; pridruži
protumačiti,1,pronađe; pronađu; protivi
nagađati,1,naglasio; naglašava; naglasila
zloupotrebljavati,1,zlostavljaju; zloupotrebljavale
pridavati,1,prisustvovao; pridružila; pridruži
ometati,1,ometati
iznaći,1,iznosi; iznela; iznosio
angažovati,1,angažovale
naići,1,naišla
kupovati,1,kupio; kupi; kupila
pozajmiti,1,pozvao; poziva; pozvala
izrađivati,1,izrazio; izrazila; izrazili
dići,1,
izjašnjavati,1,izjavio; izjavila; izjavili
ohrabrivati,1,ohrabruje; ohrabriti
obrazovati,1,obraćaju; obrate; obrazloži
unapređivati,1,unapredi; unaprede; unaprediti
plakati,1,planira; plati; planiraju
nailaziti,1,naišla
diviti,1,dive
zahvaliti,1,zahteva; zahtevaju; zahtevati
suspendovati,1,susretala; suspendovati
priuštiti,1,prisustvovao; pridružila; pridruži
pokrivati,1,pokušavaju; pokazuju; pokazuje
snimati,1,snimi; snima
proslaviti,1,pronađe; pronađu; protivi
zakucati,1,zaključuje; zaključio; zaključile
prikloniti,1,prisustvovao; pridružila; pridruži
spečiti,1,spekulišu; spečili
odabrati,1,odali; odaju; odabere
teretiti,1,terorizuju; tereti
razrešiti,1,razgovara; razgovarao; razmotri
doseliti,1,dostići; dostigle; dostigne
instalirati,1,insistira; insistirati; insistirao
pronalaziti,1,pronađe; pronađu; protivi
odvajati,1,odvija; odvijati; odvratiti
useliti,1,uselili
okrečiti,1,okreće; okrenuo; okrive
popravljati,1,popuni; popravljali
opstati,1,opstruiraju; opslužiti; opstale
izdvojiti,1,izdao; izdala; izdali
otplaćivati,1,otpustile; otputovala; otplate
uštedeti,1,uštedimo
udaljavati,1,udara; udarili; udaljava
profitirati,1,pronađe; pronađu; protivi
snaći,1,snabdevaju; snašao
iščezavati,1,iščezava
zamirati,1,zameniti; zamene; zameniće
oprati,1,oprašta; opravdava; opredelila
vrebati,1,vredi; vreba
organizvati,1,organizuju; organizovali; organizovao
prisusutvovati,1,prisustvovao; pridružila; pridruži
pustiti,1,pustila
zahvatati,1,zahteva; zahtevaju; zahtevati
puštati,1,puštala
označiti,1,označila
ispaliti,1,ispuni; ispunila; ispune
razbesneti,1,razgovara; razgovarao; razmotri
proslediti,1,pronađe; pronađu; protivi
oduzeti,1,odustane; odustaje; odu
prevazilaziti,1,predstavlja; prenosi; predstavljaju
sediti,1,sedi
lomiti,1,
opadati,1,opao
venčati,1,
žudeti,1,
odlagati,1,odlučio; odluči; odlučili
urušavati,1,uruči
odvojiti,1,odvija; odvijati; odvratiti
okarakterisati,1,
autorizovati,1,
popustiti,1,popuni; popravljali
hodati,1,
sponzorisati,1,
oblačiti,1,
sašiti,1,
komercijalizovati,1,
probiti,1,pronađe; pronađu; protivi
čeznuti,1,
popuštati,1,popuni; popravljali
ustupiti,1,ustvrdio; ustuknula; ustanoviti
umreti,1,
navići,1,navodi; naveo; navela
umoriti,1,
sticati,1,stiže; stigla; stiglo
redefinisati,1,
gurati,1,
pozabaviti,1,pozvao; poziva; pozvala
latiti,1,
preplitati,1,predstavlja; prenosi; predstavljaju
zamišljati,1,zameniti; zamene; zameniće
sastaviti,1,sastao; sastali; sastati
impresionirati,1,
negodovati,1,negira
utihnuti,1,utiče; uticati; uticali
dostignuti,1,dostići; dostigle; dostigne
ugostiti,1,
oterati,1,otežava; oteti
pevati,1,
spasiti,1,spasu; spada; spadne
odsvirati,1,odstupa; odseli
fotografisati,1,
sastojati,1,sastao; sastali; sastati
hajde,1,
otcepiti,1,
pripojiti,1,prisustvovao; pridružila; pridruži
odstupiti,1,odstupa; odseli
spoznati,1,
poništiti,1,ponovio; ponuditi; ponudio
svesti,1,svedočio; svedoče
opominjati,1,
određivati,1,održi; održava; održavaju
potkrepiti,1,potpisali; potpisala; potpisale
zastareti,1,zaslužuju; zaslužujemo; zaspe
pročitati,1,pronađe; pronađu; protivi
izjasniti,1,izjavio; izjavila; izjavili
raspasti,1,raskinula; raspravlja; rasteraju
prisećati,1,prisustvovao; pridružila; pridruži
raspadati,1,raskinula; raspravlja; rasteraju
preusmeravati,1,predstavlja; prenosi; predstavljaju
nakupiti,1,
nasmejati,1,nastaviti; nastavi; nastave
spavati,1,spasu; spada; spadne
nadjačati,1,nada; nadaju; nadgleda
primećivati,1,prisustvovao; pridružila; pridruži
ispitivati,1,ispuni; ispunila; ispune
reflektovati,1,
postizati,1,postoji; postane; postala
potresati,1,potpisali; potpisala; potpisale
nagoveštavati,1,naglasio; naglašava; naglasila
zaraditi,1,zarađivati; zarađuju; zarađuje
utrošiti,1,
poručiti,1,poraslo; porasla; porastao
pokvariti,1,pokušavaju; pokazuju; pokazuje
načiniti,1,
utvrđivati,1,utvrdi; utvrdio; utvrde
povesti,1,povećala; povuče; povećao
mirisati,1,
umirati,1,umiri
generisati,1,
uliti,1,
obavezati,1,obavlja; obavljaju; obavio
odobravati,1,odobri; odobrila; odobrio
obavestiti,1,obavlja; obavljaju; obavio
učvrstiti,1,učvršćuju
pridobiti,1,prisustvovao; pridružila; pridruži
oklevati,1,
zloupotrebiti,1,zlostavljaju; zloupotrebljavale
sustizati,1,susretala; suspendovati
slabiti,1,slaže; slažu; slavili
rasti,1,raskinula; raspravlja; rasteraju
povezati,1,povećala; povuče; povećao
gladovati,1,glasati; glasaju; glasali
transformisati,1,traži; traže; trajati
povlačiti,1,povećala; povuče; povećao
otplivati,1,otpustile; otputovala; otplate
lutati,1,
ugrejati,1,ugroziti; ugrožava; ugrizle
leškariti,1,
ogladneti,1,
jesti,1,jeste; jesam
trčati,1,
plivati,1,
ostavljati,1,ostati; ostaje; ostane
vrteti,1,
nagomilati,1,naglasio; naglašava; naglasila
omesti,1,ometati
bliokirati,1,
polupati,1,polagali; polažu; politizovale
otpočeti,1,otpustile; otputovala; otplate
sagraditi,1,sagorevaju
niknuti,1,
usprotiviti,1,uspeo; uspostavi; uspeli
preurediti,1,predstavlja; prenosi; predstavljaju
rušiti,1,
preispitivati,1,predstavlja; prenosi; predstavljaju
sejati,1,
nabrojiti,1,
umanjivati,1,umanji; umanjio
otkloniti,1,otkrila; otkrili; otkrilo
saplesti,1,
simpatisati,1,
delati,1,dele; deluju; deluje
eliminisati,1,
spas,1,spasu; spada; spadne
poklapati,1,pokušavaju; pokazuju; pokazuje
prikupljati,1,prisustvovao; pridružila; pridruži
pretraživati,1,predstavlja; prenosi; predstavljaju
kazniti,1,
simbolizovati,1,
opsluživati,1,opstruiraju; opslužiti; opstale
prerasti,1,predstavlja; prenosi; predstavljaju
destabilizovati,1,desiti; desi; desila
postupati,1,postoji; postane; postala
naterati,1,
iscrtavati,1,
zadužiti,1,zadrži; zadaju; zadobio
kontrolisati,1,kontaktirao; kontaktirali
stimulisati,1,stiže; stigla; stiglo
skočiti,1,
izmaknuti,1,izmišlja
obustaviti,1,obuhvata
bazirati,1,
produbiti,1,pronađe; pronađu; protivi
prouzrokovati,1,pronađe; pronađu; protivi
razotkriti,1,razgovara; razgovarao; razmotri
propovedati,1,pronađe; pronađu; protivi
upućivati,1,uputio; uputi; uputila
ponositi,1,ponovio; ponuditi; ponudio
kriti,1,kritikuje; kritikovao; kritikuju
opravdati,1,oprašta; opravdava; opredelila
razmišljati,1,razgovara; razgovarao; razmotri
rugati,1,
iskrivljivati,1,iskoristiti; iskoristi; iskomplikuje
upoznati,1,upozorio; upozorila; upozoravaju
posumnjati,1,postoji; postane; postala
sresti,1,
pohađati,1,pohvalio
tragati,1,traži; traže; trajati
smiriti,1,
odvesti,1,odvija; odvijati; odvratiti
zabrinuti,1,zabrani; zabeležila; zabrinjava
nabaviti,1,
napadati,1,napuste; napisao; napravi
pretresati,1,predstavlja; prenosi; predstavljaju
obnavljati,1,obnovila
naložiti,1,nalaze; nalazi; nalazimo
skraćivati,1,skrene; skremblovali
uočiti,1,
artikulisati,1,
teći,1,
uravnotežiti,1,uradi; uraditi; uradila
oblikovati,1,
dospeti,1,dostići; dostigle; dostigne
pojačavati,1,pojača; pojavljuju; pojačati
sabrati,1,sabotira
pobeđivati,1,pobedila; poboljšaju; pobedio
razmenjivati,1,razgovara; razgovarao; razmotri
tajiti,1,
zaplitati,1,zapretili; zapošljavaju; zaplaši
proterati,1,pronađe; pronađu; protivi
primati,1,prisustvovao; pridružila; pridruži
renovirati,1,
obeshrabriti,1,obećao; obezbediti; obezbedi
grčiti,1,
ubrizgati,1,ubrza; ubrzava; ubrzao
izlečiti,1,izlaze; izlazi; izlaže
uginuti,1,
razoriti,1,razgovara; razgovarao; razmotri
otkazati,1,otkrila; otkrili; otkrilo
zahvatiti,1,zahteva; zahtevaju; zahtevati
pokriti,1,pokušavaju; pokazuju; pokazuje
upijati,1,
slivati,1,
prirediti,1,prisustvovao; pridružila; pridruži
napominjati,1,napuste; napisao; napravi
porazgovarati,1,poraslo; porasla; porastao
forsirati,1,formirali; formiraju; formira
domoći,1,dominira; dominiraju
pogurati,1,poginuo; pogodila; pogodile
pomerati,1,pomoći; pomogne; pomaže
pokloniti,1,pokušavaju; pokazuju; pokazuje
približavati,1,prisustvovao; pridružila; pridruži
stupiti,1,stupa
će,1,će; ćemo
zapitati,1,zapretili; zapošljavaju; zaplaši
uništavati,1,uništiti; uništi
uzvratiti,1,
poklopiti,1,pokušavaju; pokazuju; pokazuje
etablirati,1,
jačati,1,
kanalisati,1,kandidovao
udeo,1,
raspustiti,1,raskinula; raspravlja; rasteraju
privatizovati,1,prisustvovao; pridružila; pridruži
