base_verb,prefixed_verb,prefix,freq_base,freq_prefixed
gledati,izgledati,iz,11256,6998
činiti,učiniti,u,8487,6550
pitati,upitati,u,6008,5950
govoriti,odgovoriti,od,13834,5764
laziti,nalaziti,na,11,4753
laziti,dolaziti,do,11,4696
staviti,nastaviti,na,2536,3818
gubiti,izgubiti,iz,1750,3386
biti,dobiti,do,187140,3333
laziti,odlaziti,od,11,2864
boraviti,zaboraviti,za,356,2814
laziti,prolaziti,pro,11,2682
vršiti,završiti,za,552,2594
stati,ustati,u,4131,2402
dati,dodati,do,5896,2330
naći,pronaći,pro,6553,2303
praviti,napraviti,na,1783,2289
goditi,dogoditi,do,115,2288
lučiti,odlučiti,od,38,2276
ustaviti,zaustaviti,za,40,2274
gledati,ugledati,u,11256,2252
znati,saznati,sa,29986,2197
laziti,izlaziti,iz,11,2166
raditi,uraditi,u,7532,2135
biti,ubiti,u,187140,2131
tvoriti,zatvoriti,za,46,2107
misliti,zamisliti,za,11168,2095
stati,prestati,pre,4131,1891
pisati,napisati,na,3704,1845
vući,izvući,iz,1348,1806
čitati,pročitati,pro,2974,1772
vesti,provesti,pro,48,1743
ići,izići,iz,9434,1736
buditi,probuditi,pro,475,1711
vratiti,odvratiti,od,7699,1702
kinuti,prekinuti,pre,25,1684
pustiti,napustiti,na,2341,1675
držati,zadržati,za,5942,1670
znati,priznati,pri,29986,1618
laziti,ulaziti,u,11,1616
učiti,naučiti,na,1173,1590
miti,primiti,pri,346,1585
vesti,dovesti,do,48,1565
padati,pripadati,pri,2594,1478
putiti,uputiti,u,40,1475
vesti,odvesti,od,48,1464
veriti,uveriti,u,100,1450
stati,zastati,za,4131,1432
stavljati,nastavljati,na,934,1403
viknuti,uzviknuti,uz,897,1290
imati,uzimati,uz,29631,1280
tvoriti,pretvoriti,pre,46,1232
teći,zateći,za,826,1211
smejati,nasmejati,na,1791,1194
rediti,odrediti,od,20,1177
dati,predati,pre,5896,1154
laziti,prelaziti,pre,11,1144
čekati,sačekati,sa,5720,1140
čuti,začuti,za,10341,1117
ići,naići,na,9434,1108
gađati,događati,do,236,1090
stojati,nastojati,na,36,1080
nositi,donositi,do,4409,1080
gledati,zagledati,za,11256,1072
plašiti,uplašiti,u,1454,1061
govoriti,izgovoriti,iz,13834,1057
rediti,narediti,na,20,1047
bediti,ubediti,u,12,1018
viknuti,naviknuti,na,897,995
stati,nastati,na,4131,984
bližiti,približiti,pri,116,982
pitati,zapitati,za,6008,947
uzeti,obuzeti,ob,4077,937
čekati,dočekati,do,5720,904
miriti,umiriti,u,265,884
voditi,provoditi,pro,5046,883
vaditi,izvaditi,iz,419,880
moliti,zamoliti,za,2871,878
nositi,odnositi,od,4409,874
biti,odbiti,od,187140,861
pustiti,dopustiti,do,2341,855
sećati,podsećati,pod,2475,854
vesti,izvesti,iz,48,842
početi,započeti,za,11654,829
čuvati,sačuvati,sa,1335,770
mati,primati,pri,1353,761
kazati,ukazati,u,16617,760
činiti,načiniti,na,8487,748
mrmljati,promrmljati,pro,486,747
zvati,nazvati,na,3963,746
uzeti,zauzeti,za,4077,742
dati,udati,u,5896,739
ljubiti,zaljubiti,za,1005,734
govoriti,progovoriti,pro,13834,731
dužiti,produžiti,pro,41,729
grliti,zagrliti,za,360,706
gasiti,ugasiti,u,419,701
držati,izdržati,iz,5942,701
stajati,ustajati,u,6069,700
tražiti,zatražiti,za,5990,685
vršiti,izvršiti,iz,552,679
ustavljati,zaustavljati,za,10,673
laziti,prilaziti,pri,11,673
pustiti,prepustiti,pre,2341,672
variti,prevariti,pre,27,670
vesti,navesti,na,48,667
likovati,razlikovati,raz,133,667
terati,naterati,na,632,666
javiti,objaviti,ob,1382,665
ništiti,uništiti,u,6,658
učiti,obučiti,ob,1173,645
titi,pretiti,pre,8,644
stati,pristati,pri,4131,642
čuditi,začuditi,za,622,636
tvrditi,utvrditi,u,1852,630
paliti,zapaliti,za,335,620
paliti,upaliti,u,335,617
stajati,prestajati,pre,6069,609
davati,dodavati,do,2395,604
dati,prodati,pro,5896,602
dahnuti,uzdahnuti,uz,22,601
padati,dopadati,do,2594,601
vratiti,uzvratiti,uz,7699,600
suditi,usuditi,u,750,599
vući,privući,pri,1348,586
biti,izbiti,iz,187140,585
ložiti,izložiti,iz,97,582
smešiti,nasmešiti,na,446,581
opštiti,saopštiti,sa,30,580
veriti,proveriti,pro,100,579
misliti,razmisliti,raz,11168,567
puštati,napuštati,na,786,562
misliti,izmisliti,iz,11168,557
davati,prodavati,pro,2395,557
nositi,podnositi,pod,4409,549
ući,obući,ob,4399,546
voditi,dovoditi,do,5046,543
vući,uvući,u,1348,541
vesti,uvesti,u,48,540
mešati,umešati,u,717,540
puštati,dopuštati,do,786,530
davati,predavati,pre,2395,523
biti,razbiti,raz,187140,517
družiti,pridružiti,pri,194,510
baciti,prebaciti,pre,2546,507
javiti,izjaviti,iz,1382,504
znati,doznati,do,29986,504
visiti,zavisiti,za,1019,496
kazati,dokazati,do,16617,495
baciti,izbaciti,iz,2546,488
gutati,progutati,pro,368,488
staviti,sastaviti,sa,2536,484
dirnuti,dodirnuti,do,234,477
baciti,odbaciti,od,2546,477
kidati,prekidati,pre,250,477
puniti,napuniti,na,347,474
ustati,odustati,od,2402,473
tisnuti,pritisnuti,pri,7,472
mahnuti,odmahnuti,od,289,469
pustiti,propustiti,pro,2341,466
vladati,savladati,sa,920,465
kazivati,ukazivati,u,567,465
voditi,navoditi,na,5046,456
dati,izdati,iz,5896,448
živeti,doživeti,do,2266,447
štititi,zaštititi,za,335,447
vrediti,uvrediti,u,558,444
uzeti,preuzeti,pre,4077,443
slutiti,naslutiti,na,528,442
hvatati,prihvatati,pri,984,438
pasti,napasti,na,3900,438
nositi,prenositi,pre,4409,436
igrati,odigrati,od,2814,436
putiti,zaputiti,za,40,435
poznavati,prepoznavati,pre,2760,435
tonuti,utonuti,u,318,435
vesti,prevesti,pre,48,434
taknuti,dotaknuti,do,65,434
pasti,upasti,u,3900,432
paziti,zapaziti,za,1113,430
krasti,ukrasti,u,330,429
uzeti,oduzeti,od,4077,426
gledati,pregledati,pre,11256,425
govoriti,dogovoriti,do,13834,407
reći,odreći,od,32340,406
viti,razviti,raz,221,405
ići,obići,ob,9434,405
vijati,odvijati,od,60,404
hraniti,sahraniti,sa,406,393
setiti,podsetiti,pod,1605,385
dizati,uzdizati,uz,958,385
vajati,odvajati,od,15,382
kočiti,ukočiti,u,95,382
stojati,sastojati,sa,36,379
stajati,pristajati,pri,6069,374
vući,navući,na,1348,373
kloniti,ukloniti,u,68,370
braniti,zabraniti,za,1090,369
vući,zavući,za,1348,368
risati,obrisati,ob,6,366
puštati,prepuštati,pre,786,364
rediti,urediti,u,20,364
nositi,iznositi,iz,4409,363
buditi,uzbuditi,uz,475,360
hvaliti,zahvaliti,za,365,359
nositi,unositi,u,4409,356
siliti,prisiliti,pri,32,355
ostati,preostati,pre,11461,354
baciti,ubaciti,u,2546,353
ložiti,odložiti,od,97,348
kazati,prikazati,pri,16617,348
uzimati,obuzimati,ob,1280,348
maknuti,odmaknuti,od,233,347
viknuti,doviknuti,do,897,345
voditi,izvoditi,iz,5046,344
držati,uzdržati,uz,5942,340
pisati,upisati,u,3704,340
očarati,razočarati,raz,116,339
dirati,prodirati,pro,285,337
baviti,nabaviti,na,1006,329
javiti,prijaviti,pri,1382,329
stajati,zastajati,za,6069,328
reći,izreći,iz,32340,328
davati,izdavati,iz,2395,327
plakati,zaplakati,za,1782,323
biti,probiti,pro,187140,317
kazivati,prikazivati,pri,567,316
slušati,saslušati,sa,4092,315
stajati,nastajati,na,6069,314
setiti,prisetiti,pri,1605,311
nuditi,prinuditi,pri,712,308
vući,odvući,od,1348,307
seći,preseći,pre,246,307
morati,primorati,pri,15467,306
gurnuti,odgurnuti,od,589,303
moriti,odmoriti,od,149,302
maknuti,primaknuti,pri,233,301
mrštiti,namrštiti,na,147,300
baciti,dobaciti,do,2546,299
laziti,zalaziti,za,11,297
uzimati,zauzimati,za,1280,295
vijati,razvijati,raz,60,292
kupiti,sakupiti,sa,1575,291
živeti,preživeti,pre,2266,289
pamtiti,zapamtiti,za,745,289
seliti,preseliti,pre,108,288
disati,uzdisati,uz,784,288
kazivati,dokazivati,do,567,284
maknuti,izmaknuti,iz,233,283
ćutati,ućutati,u,1851,281
vršiti,dovršiti,do,552,281
hapsiti,uhapsiti,u,55,279
krstiti,prekrstiti,pre,233,279
lagati,izlagati,iz,732,278
glasiti,proglasiti,pro,290,277
držati,sadržati,sa,5942,276
micati,odmicati,od,387,275
vladati,zavladati,za,920,274
ključati,zaključati,za,93,273
viđati,uviđati,u,680,273
šaputati,prošaputati,pro,703,273
ticati,uticati,u,1501,272
ćutati,zaćutati,za,1851,272
micati,izmicati,iz,387,270
dahnuti,udahnuti,u,22,269
nalaziti,pronalaziti,pro,4753,268
raditi,zaraditi,za,7532,268
širiti,proširiti,pro,1168,268
sticati,podsticati,pod,217,267
tumačiti,protumačiti,pro,339,266
meriti,odmeriti,od,155,265
radovati,obradovati,ob,433,264
brisati,izbrisati,iz,492,263
graditi,sagraditi,sa,543,255
pisati,zapisati,za,3704,254
graditi,izgraditi,iz,543,254
padati,upadati,u,2594,252
šetati,prošetati,pro,805,252
ljutiti,naljutiti,na,529,252
videti,uvideti,u,10954,251
zvoniti,zazvoniti,za,370,249
živeti,proživeti,pro,2266,249
trčati,dotrčati,do,1327,248
juriti,odjuriti,od,730,247
služiti,zaslužiti,za,1740,247
slediti,uslediti,u,771,246
spraviti,uspraviti,u,33,244
voleti,izvoleti,iz,2369,243
viti,saviti,sa,221,242
sretati,susretati,su,362,242
ostajati,preostajati,pre,1983,242
tiskati,pritiskati,pri,115,240
gledati,sagledati,sa,11256,239
drhtati,zadrhtati,za,983,239
videti,zavideti,za,10954,237
beležiti,zabeležiti,za,288,236
micati,promicati,pro,387,233
stupiti,nastupiti,na,452,228
padati,napadati,na,2594,226
pamtiti,upamtiti,u,745,226
nuti,prenuti,pre,7,226
vijati,savijati,sa,60,225
gledati,razgledati,raz,11256,225
stati,sastati,sa,4131,225
disati,udisati,u,784,224
uhvatiti,obuhvatiti,ob,2470,223
tešiti,utešiti,u,192,223
oružati,naoružati,na,11,223
goniti,progoniti,pro,484,222
blažiti,ublažiti,u,84,221
voditi,prevoditi,pre,5046,219
izvoditi,proizvoditi,pro,344,219
mucati,promucati,pro,188,218
robiti,zarobiti,za,9,218
desiti,udesiti,u,2247,216
desiti,zadesiti,za,2247,216
umiti,naumiti,na,186,214
ticati,doticati,do,1501,214
stajati,sastajati,sa,6069,213
sećati,prisećati,pri,2475,213
kloniti,zakloniti,za,68,212
micati,primicati,pri,387,212
saditi,dosaditi,do,41,211
počinjati,započinjati,za,1996,209
goniti,nagoniti,na,484,208
gušiti,ugušiti,u,409,207
rediti,prirediti,pri,20,207
slaviti,proslaviti,pro,392,205
metati,nametati,na,125,205
puštati,propuštati,pro,786,205
turati,preturati,pre,26,203
razumevati,podrazumevati,pod,154,202
pasti,zapasti,za,3900,202
činiti,sačiniti,sa,8487,202
roniti,izroniti,iz,41,201
sporiti,usporiti,u,35,201
vraćati,uzvraćati,uz,2954,199
teći,proteći,pro,826,199
valiti,prevaliti,pre,29,198
žmuriti,zažmuriti,za,90,198
bledeti,prebledeti,pre,153,197
ići,razići,raz,9434,197
motati,umotati,u,185,194
slikati,naslikati,na,236,193
rezati,urezati,u,79,193
gušiti,prigušiti,pri,409,192
glasiti,naglasiti,na,290,192
vesti,zavesti,za,48,191
grejati,zagrejati,za,183,191
ceniti,proceniti,pro,235,191
okupiti,zaokupiti,za,457,191
padati,propadati,pro,2594,191
valiti,provaliti,pro,29,190
krasiti,ukrasiti,u,78,187
viriti,proviriti,pro,362,187
skočiti,preskočiti,pre,982,187
moriti,umoriti,u,149,186
miti,umiti,u,346,186
riti,zariti,za,75,186
čekati,pričekati,pri,5720,186
ložiti,uložiti,u,97,185
raditi,izraditi,iz,7532,185
upreti,odupreti,od,164,184
nositi,zanositi,za,4409,183
viti,uviti,u,221,183
piti,napiti,na,1844,182
plaviti,preplaviti,pre,101,181
kloniti,nakloniti,na,68,181
domisliti,predomisliti,pre,7,181
klanjati,zaklanjati,za,215,180
žeti,prožeti,pro,1995,179
ticati,proticati,pro,1501,178
nositi,prinositi,pri,4409,177
trčati,pritrčati,pri,1327,177
deliti,dodeliti,do,844,177
uzdati,obuzdati,ob,142,177
maknuti,promaknuti,pro,233,176
uzimati,oduzimati,od,1280,175
seći,odseći,od,246,175
javiti,najaviti,na,1382,174
slediti,naslediti,na,771,174
govoriti,nagovoriti,na,13834,173
kovati,prikovati,pri,114,172
interesovati,zainteresovati,za,205,171
poručiti,preporučiti,pre,221,171
mešati,izmešati,iz,717,171
ložiti,naložiti,na,97,170
moći,domoći,do,46606,170
valiti,zavaliti,za,29,169
davati,pridavati,pri,2395,167
boleti,razboleti,raz,630,167
brzati,ubrzati,u,22,166
pustiti,upustiti,u,2341,166
šiti,sušiti,su,120,166
pasti,pripasti,pri,3900,165
dužiti,zadužiti,za,41,165
koračiti,zakoračiti,za,9,164
skakati,preskakati,pre,509,164
vraćati,odvraćati,od,2954,164
zvati,dozvati,do,3963,163
ljubiti,priljubiti,pri,1005,162
terati,doterati,do,632,161
pevati,zapevati,za,1235,161
seliti,naseliti,na,108,160
maknuti,umaknuti,u,233,159
groziti,ugroziti,u,27,157
vijati,uvijati,u,60,157
viti,izviti,iz,221,156
dati,zadati,za,5896,156
valiti,navaliti,na,29,156
plašiti,preplašiti,pre,1454,155
voditi,odvoditi,od,5046,155
vući,provući,pro,1348,154
davati,udavati,u,2395,153
loviti,uloviti,u,243,153
kopati,zakopati,za,303,153
stupiti,pristupiti,pri,452,153
stavljati,sastavljati,sa,934,153
pomenuti,napomenuti,na,711,151
jesti,ujesti,u,2096,151
pisati,prepisati,pre,3704,151
pisati,pripisati,pri,3704,151
puštati,upuštati,u,786,151
baciti,zabaciti,za,2546,151
skratiti,uskratiti,u,112,149
kucati,zakucati,za,329,149
boleti,zaboleti,za,630,149
kačiti,zakačiti,za,46,147
davati,zadavati,za,2395,147
diviti,zadiviti,za,403,146
krcati,ukrcati,u,8,146
porediti,uporediti,u,102,145
leteti,naleteti,na,242,145
baviti,zabaviti,za,1006,145
pasti,prepasti,pre,3900,145
lupiti,zalupiti,za,123,144
stupati,nastupati,na,213,144
vijati,izvijati,iz,60,144
lagati,nalagati,na,732,143
hoditi,uhoditi,u,164,143
crtati,nacrtati,na,103,142
dati,uzdati,uz,5896,142
spavati,uspavati,u,3002,142
lagati,odlagati,od,732,142
trebati,zatrebati,za,13890,141
učiti,proučiti,pro,1173,140
vijati,zavijati,za,60,140
roniti,uroniti,u,41,139
igrati,zaigrati,za,2814,139
daviti,udaviti,u,287,139
stizati,pristizati,pri,791,139
lutati,zalutati,za,583,139
tovariti,natovariti,na,79,139
ustajati,odustajati,od,700,138
lepiti,zalepiti,za,125,138
vući,razvući,raz,1348,138
secati,presecati,pre,6,136
vesti,privesti,pri,48,136
obići,zaobići,za,405,135
jahati,uzjahati,uz,568,135
svući,presvući,pre,237,134
baviti,izbaviti,iz,1006,134
topiti,utopiti,u,216,134
kupiti,prikupiti,pri,1575,134
udarati,zaudarati,za,1023,134
bledeti,izbledeti,iz,153,134
biti,nabiti,na,187140,134
setiti,dosetiti,do,1605,133
mašiti,promašiti,pro,215,132
ticati,zaticati,za,1501,132
kopati,ukopati,u,303,132
čuti,pročuti,pro,10341,132
skočiti,odskočiti,od,982,132
dražiti,razdražiti,raz,161,131
živiti,doživiti,do,2749,131
siti,prositi,pro,5,131
voleti,zavoleti,za,2369,130
teći,uteći,u,826,130
voditi,uvoditi,u,5046,129
vući,dovući,do,1348,129
imati,nadimati,nad,29631,129
prineti,doprineti,do,287,129
dubiti,udubiti,u,31,129
trljati,protrljati,pro,237,129
ćutati,prećutati,pre,1851,129
gaziti,pregaziti,pre,358,128
tisnuti,utisnuti,u,7,128
strašiti,prestrašiti,pre,48,128
trpati,zatrpati,za,76,128
lečiti,izlečiti,iz,278,128
stremiti,ustremiti,u,68,127
kinuti,ukinuti,u,25,127
dobiti,zadobiti,za,3333,127
nositi,nanositi,na,4409,127
zboriti,prozboriti,pro,79,126
ličiti,priličiti,pri,2067,126
stupiti,ustupiti,u,452,124
činiti,pričiniti,pri,8487,124
mrgoditi,namrgoditi,na,12,123
koračiti,prekoračiti,pre,9,123
graditi,nagraditi,na,543,123
živiti,preživiti,pre,2749,122
dahnuti,izdahnuti,iz,22,122
valiti,izvaliti,iz,29,122
pustiti,zapustiti,za,2341,121
uzeti,izuzeti,iz,4077,121
ostati,zaostati,za,11461,121
mrsiti,zamrsiti,za,65,120
padati,zapadati,za,2594,120
biti,zabiti,za,187140,120
drhtati,uzdrhtati,uz,983,119
udarati,odudarati,od,1023,119
kopati,dokopati,do,303,119
noćiti,prenoćiti,pre,33,118
krstiti,ukrstiti,u,233,118
viriti,zaviriti,za,362,118
metati,razmetati,raz,125,118
pušiti,zapušiti,za,940,117
poručivati,preporučivati,pre,120,117
braniti,odbraniti,od,1090,116
goreti,izgoreti,iz,551,116
ostati,izostati,iz,11461,116
zvati,prizvati,pri,3963,115
vesti,razvesti,raz,48,114
gledati,nadgledati,nad,11256,114
terati,preterati,pre,632,113
vratiti,navratiti,na,7699,113
izvesti,proizvesti,pro,842,112
nervirati,iznervirati,iz,93,111
kasniti,zakasniti,za,176,111
bacati,razbacati,raz,1156,110
likovati,oblikovati,ob,133,110
micati,uzmicati,uz,387,110
gomilati,nagomilati,na,124,110
snovati,zasnovati,za,41,110
viti,priviti,pri,221,109
kazati,zakazati,za,16617,109
zvati,prozvati,pro,3963,109
prezati,naprezati,na,48,109
manuti,obmanuti,ob,133,108
viditi,uviditi,u,12663,108
tajiti,pritajiti,pri,28,108
birati,prebirati,pre,474,108
gađati,nagađati,na,236,107
srnuti,nasrnuti,na,23,107
meriti,zameriti,za,155,106
tražiti,pretražiti,pre,5990,106
uzimati,preuzimati,pre,1280,106
sititi,zasititi,za,18,106
sipati,prosipati,pro,257,104
držati,pridržati,pri,5942,104
letiti,izletiti,iz,598,103
važiti,odvažiti,od,103,103
pretiti,zapretiti,za,644,103
varati,zavarati,za,506,103
praviti,upraviti,u,1783,103
vezati,privezati,pri,1111,102
brusiti,odbrusiti,od,19,102
liti,obliti,ob,96,102
hraniti,nahraniti,na,406,101
prljati,uprljati,u,60,101
seliti,useliti,u,108,100
uzrokovati,prouzrokovati,pro,23,100
upirati,odupirati,od,174,99
drmati,prodrmati,pro,45,99
magliti,zamagliti,za,124,99
liti,uliti,u,96,99
putovati,doputovati,do,1115,98
žaliti,sažaliti,sa,956,98
seliti,odseliti,od,108,98
moriti,zamoriti,za,149,98
tući,utući,u,538,97
viti,zaviti,za,221,97
kašljati,nakašljati,na,128,97
leteti,izleteti,iz,242,96
misliti,promisliti,pro,11168,96
visiti,uzvisiti,uz,1019,96
liti,zaliti,za,96,96
pratiti,propratiti,pro,2628,96
grliti,obgrliti,ob,360,96
računati,izračunati,iz,456,95
bivati,dobivati,do,1203,95
prtiti,uprtiti,u,23,95
stupati,zastupati,za,213,95
rušiti,narušiti,na,322,95
valiti,uvaliti,u,29,95
baviti,pribaviti,pri,1006,94
maknuti,razmaknuti,raz,233,94
spavati,prespavati,pre,3002,94
plašiti,zaplašiti,za,1454,94
platiti,naplatiti,na,1147,94
krutiti,ukrutiti,u,49,93
daviti,zadaviti,za,287,93
sipati,zasipati,za,257,92
vijati,previjati,pre,60,92
viknuti,priviknuti,pri,897,92
staviti,dostaviti,do,2536,91
šaliti,našaliti,na,524,91
cediti,procediti,pro,99,91
mazati,namazati,na,66,91
dužiti,izdužiti,iz,41,91
vraćati,navraćati,na,2954,91
gunđati,progunđati,pro,197,91
miriti,izmiriti,iz,265,90
roniti,zaroniti,za,41,90
poznavati,upoznavati,u,2760,90
obratiti,preobratiti,pre,1141,89
gledati,nagledati,na,11256,89
moriti,premoriti,pre,149,89
uditi,nauditi,na,74,89
slepiti,zaslepiti,za,164,89
trpeti,pretrpeti,pre,186,89
biti,prebiti,pre,187140,89
vrteti,zavrteti,za,334,88
lagati,ulagati,u,732,88
juriti,dojuriti,do,730,88
užiti,odužiti,od,15,88
vući,podvući,pod,1348,87
pečatiti,zapečatiti,za,12,87
dirati,razdirati,raz,285,87
legati,razlegati,raz,26,87
želiti,zaželiti,za,2427,87
terati,proterati,pro,632,87
mučiti,namučiti,na,1256,86
gurati,ugurati,u,620,86
općiti,uopćiti,u,6,86
jahati,odjahati,od,568,86
jecati,zajecati,za,244,86
taknuti,nataknuti,na,65,85
metati,premetati,pre,125,85
snivati,zasnivati,za,41,85
listati,prelistati,pre,100,85
veseliti,razveseliti,raz,254,85
roditi,izroditi,iz,1917,85
manjiti,umanjiti,u,232,85
leteti,odleteti,od,242,85
točiti,zatočiti,za,52,84
buniti,uzbuniti,uz,302,84
topiti,natopiti,na,216,84
teći,priteći,pri,826,84
likovati,nalikovati,na,133,84
kriviti,nakriviti,na,343,84
dragati,razdragati,raz,350,84
govoriti,ugovoriti,u,13834,83
dosećati,predosećati,pre,18,83
govoriti,prigovoriti,pri,13834,83
likovati,dolikovati,do,133,82
svirati,zasvirati,za,863,82
družiti,udružiti,u,194,82
liti,proliti,pro,96,82
mamiti,izmamiti,iz,215,82
sušiti,sasušiti,sa,166,82
brojati,izbrojati,iz,302,81
tišati,utišati,u,8,81
hvatati,zahvatati,za,984,81
vedriti,razvedriti,raz,44,81
liti,izliti,iz,96,81
njušiti,nanjušiti,na,88,80
likovati,odlikovati,od,133,80
otkriti,razotkriti,raz,2330,80
dahnuti,predahnuti,pre,22,80
viriti,izviriti,iz,362,79
mjeriti,namjeriti,na,36,79
miriti,primiriti,pri,265,79
trnuti,pretrnuti,pre,52,78
menjati,izmenjati,iz,1201,78
derati,proderati,pro,245,78
motriti,razmotriti,raz,169,78
vršiti,navršiti,na,552,77
jariti,razjariti,raz,16,77
vijati,privijati,pri,60,77
nositi,nadnositi,nad,4409,77
rušiti,obrušiti,ob,322,77
metati,nadmetati,nad,125,77
seliti,doseliti,do,108,77
obilaziti,zaobilaziti,za,511,77
šiti,sašiti,sa,120,76
viti,odviti,od,221,76
upirati,podupirati,pod,174,76
piti,pripiti,pri,1844,76
kloniti,prikloniti,pri,68,76
ložiti,založiti,za,97,75
lepiti,prilepiti,pri,125,75
klanjati,uklanjati,u,215,75
letati,preletati,pre,5,75
nositi,raznositi,raz,4409,75
besneti,razbesneti,raz,82,75
jaditi,dojaditi,do,8,75
skočiti,uskočiti,u,982,75
niknuti,proniknuti,pro,116,75
režati,zarežati,za,50,74
lomiti,prelomiti,pre,281,74
vladati,nadvladati,nad,920,74
uzdavati,obuzdavati,ob,26,74
sijati,zasijati,za,308,74
stupati,ustupati,u,213,74
vapiti,zavapiti,za,49,74
voleti,privoleti,pri,2369,74
viknuti,podviknuti,pod,897,73
slagati,naslagati,na,1007,73
mutiti,zamutiti,za,115,73
moliti,promoliti,pro,2871,73
drmati,uzdrmati,uz,45,73
buditi,razbuditi,raz,475,72
letiti,naletiti,na,598,71
štedeti,uštedeti,u,54,71
čistiti,pročistiti,pro,284,71
tresti,protresti,pro,499,71
liti,preliti,pre,96,71
svirati,odsvirati,od,863,71
grabiti,dograbiti,do,199,71
trčati,pretrčati,pre,1327,70
maknuti,zamaknuti,za,233,70
krotiti,ukrotiti,u,26,70
rešiti,razrešiti,raz,1365,70
tvoriti,pritvoriti,pri,46,70
izlaziti,proizlaziti,pro,2166,70
turiti,proturiti,pro,62,70
ljutiti,razljutiti,raz,529,70
voliti,zavoliti,za,2997,69
vitlati,zavitlati,za,121,69
pipati,napipati,na,140,68
paziti,pripaziti,pri,1113,68
vrteti,uvrteti,u,334,68
čuti,načuti,na,10341,68
ostajati,zaostajati,za,1983,68
liti,naliti,na,96,68
dremati,zadremati,za,128,68
leteti,uleteti,u,242,67
vezati,zavezati,za,1111,67
jahati,projahati,pro,568,67
saditi,zasaditi,za,41,67
ganjati,proganjati,pro,14,67
biti,sabiti,sa,187140,67
koriti,prekoriti,pre,80,67
kratiti,prekratiti,pre,23,66
letiti,uletiti,u,598,66
upreti,podupreti,pod,164,66
saditi,usaditi,u,41,66
meriti,izmeriti,iz,155,66
rugati,narugati,na,155,66
jačati,nadjačati,nad,214,65
ljuljati,zaljuljati,za,257,65
maknuti,uzmaknuti,uz,233,65
graditi,ugraditi,u,543,65
blistati,zablistati,za,340,65
trošiti,utrošiti,u,445,64
hteti,prohteti,pro,59495,64
sezati,dosezati,do,66,63
raditi,obraditi,ob,7532,63
legati,podlegati,pod,26,63
letiti,odletiti,od,598,63
letati,izletati,iz,5,63
lagati,zalagati,za,732,63
šarati,prošarati,pro,89,62
kašljati,zakašljati,za,128,62
ostaviti,izostaviti,iz,4195,62
mučiti,izmučiti,iz,1256,62
rušiti,prerušiti,pre,322,62
poloviti,prepoloviti,pre,9,62
juriti,projuriti,pro,730,62
siktati,prosiktati,pro,43,61
spravljati,uspravljati,u,33,61
kršiti,prekršiti,pre,97,61
mirisati,namirisati,na,399,61
čuljiti,načuljiti,na,8,60
škoditi,naškoditi,na,87,60
leteti,preleteti,pre,242,60
sedeti,presedeti,pre,2479,60
turiti,preturiti,pre,62,60
lomiti,prolomiti,pro,281,60
lutati,odlutati,od,583,60
deliti,razdeliti,raz,844,60
trnuti,utrnuti,u,52,60
plesti,saplesti,sa,223,60
vrtiti,zavrtiti,za,279,60
grebati,izgrebati,iz,113,59
spavati,odspavati,od,3002,59
pajati,napajati,na,7,59
bežati,razbežati,raz,973,59
oružati,razoružati,raz,11,59
denuti,zadenuti,za,24,59
šaptati,prošaptati,pro,79,59
piti,upiti,u,1844,59
stradati,nastradati,na,187,58
brazdati,izbrazdati,iz,30,58
kupiti,nakupiti,na,1575,58
verati,uzverati,uz,104,58
gaziti,zagaziti,za,358,58
prinositi,doprinositi,do,177,58
uveriti,razuveriti,raz,1450,58
vijati,nadvijati,nad,60,58
saviti,presaviti,pre,242,57
pričati,prepričati,pre,5314,57
bušiti,probušiti,pro,31,57
udati,preudati,pre,739,57
grliti,prigrliti,pri,360,57
grejati,ugrejati,u,183,56
bivati,prebivati,pre,1203,56
viđati,priviđati,pri,680,56
dizati,izdizati,iz,958,56
šiti,ušiti,u,120,56
žariti,zažariti,za,54,56
pratiti,dopratiti,do,2628,56
vezati,razvezati,raz,1111,56
mrljati,umrljati,u,16,56
nakaziti,unakaziti,u,8,56
voditi,zavoditi,za,5046,56
misliti,umisliti,u,11168,56
žaliti,zažaliti,za,956,56
grabiti,ugrabiti,u,199,56
samariti,nasamariti,na,5,56
birati,sabirati,sa,474,55
meriti,nameriti,na,155,55
lajati,zalajati,za,209,55
noćiti,zanoćiti,za,33,55
pomagati,zapomagati,za,890,55
mamiti,namamiti,na,215,55
želeti,zaželeti,za,3165,55
zvučati,zazvučati,za,496,54
žeti,sažeti,sa,1995,54
očit,naočit,na,50,54
okrenuti,preokrenuti,pre,3751,54
ložiti,obložiti,ob,97,54
vaditi,zavaditi,za,419,53
dobiti,pridobiti,pri,3333,53
letati,obletati,ob,5,53
žad,užad,u,19,53
važiti,uvažiti,u,103,53
kočiti,zakočiti,za,95,53
lizati,izlizati,iz,155,53
planuti,preplanuti,pre,235,53
goreti,sagoreti,sa,551,53
djelovati,sudjelovati,su,5,53
mašiti,nadmašiti,nad,215,53
minuti,uminuti,u,95,53
razumiti,urazumiti,u,6,53
goditi,ugoditi,u,115,53
skočiti,priskočiti,pri,982,52
stupiti,odstupiti,od,452,52
hoditi,nahoditi,na,164,52
zbiti,suzbiti,su,389,52
prečiti,preprečiti,pre,22,52
veriti,zaveriti,za,100,52
stezati,ustezati,u,506,52
letati,saletati,sa,5,52
sesti,zasesti,za,2497,52
grnuti,nagrnuti,na,8,51
viti,previti,pre,221,51
cerekati,zacerekati,za,125,51
udarati,podudarati,pod,1023,51
prositi,zaprositi,za,131,51
trčati,protrčati,pro,1327,51
značiti,naznačiti,na,3748,51
okupljati,zaokupljati,za,196,51
valiti,odvaliti,od,29,51
leteti,proleteti,pro,242,51
obući,preobući,pre,546,51
mračiti,zamračiti,za,29,50
gaziti,nagaziti,na,358,50
metati,podmetati,pod,125,50
viti,nadviti,nad,221,50
leteti,uzleteti,uz,242,50
pominjati,napominjati,na,706,50
gostiti,ugostiti,u,233,50
vladati,prevladati,pre,920,50
patiti,propatiti,pro,692,50
nositi,pronositi,pro,4409,49
dešavati,udešavati,u,1463,49
voziti,prevoziti,pre,857,49
komentarisati,prokomentarisati,pro,103,49
grditi,izgrditi,iz,204,49
glasiti,saglasiti,sa,290,49
juriti,izjuriti,iz,730,49
gneviti,razgneviti,raz,9,49
učiti,izučiti,iz,1173,49
hladiti,prehladiti,pre,110,48
micati,zamicati,za,387,48
veo,uveo,u,300,48
plivati,zaplivati,za,393,48
trpati,pretrpati,pre,76,48
gledati,progledati,pro,11256,48
pleniti,zapleniti,za,22,48
krčiti,zakrčiti,za,63,48
bistriti,razbistriti,raz,50,47
pretiti,pripretiti,pri,644,47
lepiti,odlepiti,od,125,47
brojiti,izbrojiti,iz,230,47
valiti,razvaliti,raz,29,47
hodati,uhodati,u,1676,47
činiti,začiniti,za,8487,47
ležati,odležati,od,2671,47
škripati,zaškripati,za,145,47
treperiti,zatreperiti,za,291,47
govoriti,razgovoriti,raz,13834,47
duvati,izduvati,iz,387,47
skakati,odskakati,od,509,46
rediti,prorediti,pro,20,46
letiti,preletiti,pre,598,46
kostrešiti,nakostrešiti,na,10,46
močiti,umočiti,u,20,46
cvetati,procvetati,pro,82,46
crtati,ucrtati,u,103,46
paliti,pripaliti,pri,335,46
boriti,izboriti,iz,1007,45
lomiti,izlomiti,iz,281,45
gladiti,ugladiti,u,112,45
mrtviti,umrtviti,u,143,45
vijati,navijati,na,60,45
biti,pribiti,pri,187140,45
ići,podići,pod,9434,45
živeti,nadživeti,nad,2266,44
turiti,zaturiti,za,62,44
vući,prevući,pre,1348,44
letati,proletati,pro,5,44
ustaviti,obustaviti,ob,40,44
meriti,umeriti,u,155,44
uzdati,zauzdati,za,142,44
sukati,nasukati,na,57,44
tkati,satkati,sa,47,43
kobiti,sukobiti,su,39,43
lučiti,razlučiti,raz,38,43
okružiti,zaokružiti,za,382,43
krpiti,zakrpiti,za,44,43
gurati,izgurati,iz,620,43
brojati,nabrojati,na,302,43
šminkati,našminkati,na,17,43
stizati,sustizati,su,791,43
hvat,dohvat,do,20,43
vejati,razvejati,raz,46,42
obliti,zaobliti,za,102,42
igrati,izigrati,iz,2814,42
kačiti,prikačiti,pri,46,42
miriti,namiriti,na,265,42
grnuti,razgrnuti,raz,8,42
seći,useći,u,246,41
oštriti,izoštriti,iz,28,41
zdraviti,nazdraviti,na,136,41
dodati,pridodati,pri,2330,41
letiti,proletiti,pro,598,41
raditi,razraditi,raz,7532,41
rediti,podrediti,pod,20,41
terati,saterati,sa,632,41
ogrnuti,zaogrnuti,za,109,41
dosetiti,predosetiti,pre,133,40
stupati,odstupati,od,213,40
koriti,ukoriti,u,80,40
reći,zareći,za,32340,40
motati,obmotati,ob,185,40
staviti,ustaviti,u,2536,40
lediti,zalediti,za,96,40
bacati,nabacati,na,1156,40
diktirati,izdiktirati,iz,62,40
moliti,izmoliti,iz,2871,40
raditi,proraditi,pro,7532,40
češljati,začešljati,za,133,40
mileti,razmileti,raz,13,40
rezati,prerezati,pre,79,40
petljati,upetljati,u,78,40
pecati,upecati,u,46,40
strašiti,zastrašiti,za,48,40
boleti,preboleti,pre,630,40
magliti,odmagliti,od,124,40
zvati,sazvati,sa,3963,40
iskati,zaiskati,za,152,39
šunjati,ušunjati,u,50,39
dubiti,produbiti,pro,31,39
suditi,presuditi,pre,750,39
strujati,prostrujati,pro,53,39
vezati,odvezati,od,1111,39
tajiti,zatajiti,za,28,39
leteti,razleteti,raz,242,39
žariti,užariti,u,54,39
trčati,utrčati,u,1327,39
gubiti,zagubiti,za,1750,39
disati,izdisati,iz,784,38
motati,zamotati,za,185,38
voditi,privoditi,pri,5046,38
pisati,propisati,pro,3704,38
petljati,zapetljati,za,78,38
deliti,udeliti,u,844,38
tući,dotući,do,538,38
baviti,dobaviti,do,1006,37
ložiti,priložiti,pri,97,37
brijati,izbrijati,iz,115,37
žmiriti,zažmiriti,za,21,37
gaziti,izgaziti,iz,358,37
zidati,zazidati,za,305,37
svlačiti,presvlačiti,pre,165,37
tući,natući,na,538,37
golicati,zagolicati,za,73,37
pojiti,napojiti,na,48,37
crveniti,zacrveniti,za,248,36
vršiti,prevršiti,pre,552,36
birati,pribirati,pri,474,36
skraćivati,uskraćivati,u,38,36
sijati,usijati,u,308,36
mirisati,zamirisati,za,399,36
stavljati,dostavljati,do,934,36
ljubiti,izljubiti,iz,1005,36
metati,primetati,pri,125,36
oći,nadoći,nad,5,36
letati,naletati,na,5,36
šuškati,ušuškati,u,68,36
pućiti,napućiti,na,11,36
dubiti,zadubiti,za,31,35
ćuliti,naćuliti,na,13,35
trpati,natrpati,na,76,35
živeti,saživeti,sa,2266,35
brojiti,prebrojiti,pre,230,35
broditi,prebroditi,pre,35,35
smejati,zasmejati,za,1791,35
dejstvovati,izdejstvovati,iz,45,35
gajiti,odgajiti,od,277,35
vajati,izvajati,iz,15,35
rvati,obrvati,ob,48,35
migoljiti,izmigoljiti,iz,12,35
puniti,dopuniti,do,347,35
viti,naviti,na,221,35
mazati,premazati,pre,66,35
dobijati,zadobijati,za,755,34
piljiti,upiljiti,u,205,34
micati,razmicati,raz,387,34
kaljati,ukaljati,u,25,34
derati,razderati,raz,245,34
rešiti,odrešiti,od,1365,34
praviti,prepraviti,pre,1783,34
računati,proračunati,pro,456,34
crveneti,zacrveneti,za,39,34
udarati,izudarati,iz,1023,34
baciti,nabaciti,na,2546,34
rvati,survati,su,48,34
putovati,proputovati,pro,1115,34
točiti,pretočiti,pre,52,33
viknuti,odviknuti,od,897,33
moći,uzmoći,uz,46606,33
rubiti,odrubiti,od,5,33
rezati,odrezati,od,79,33
vozati,provozati,pro,96,33
brojati,prebrojati,pre,302,33
množiti,umnožiti,u,59,33
traćiti,protraćiti,pro,34,33
glačati,uglačati,u,17,33
urediti,preurediti,pre,364,33
teturati,zateturati,za,121,33
mrsiti,razmrsiti,raz,65,33
smetati,zasmetati,za,780,33
vežbati,uvežbati,u,117,33
minirati,dominirati,do,22,33
goreti,dogoreti,do,551,33
birati,nabirati,na,474,33
borati,naborati,na,71,33
bujati,nabujati,na,78,33
gušiti,zagušiti,za,409,33
parati,zaparati,za,55,33
ploviti,uploviti,u,308,33
glumiti,odglumiti,od,210,32
liti,saliti,sa,96,32
mititi,podmititi,pod,7,32
trovati,zatrovati,za,91,32
učiti,podučiti,pod,1173,32
roditi,uroditi,u,1917,32
rastati,narastati,na,373,32
odati,nadodati,nad,374,32
ličiti,naličiti,na,2067,32
jahati,dojahati,do,568,32
kititi,nakititi,na,69,32
zepsti,prozepsti,pro,24,32
isticati,proisticati,pro,516,32
sušiti,presušiti,pre,166,32
terati,priterati,pri,632,32
čuditi,načuditi,na,622,31
letati,uletati,u,5,31
okrenuti,zaokrenuti,za,3751,31
hodati,prohodati,pro,1676,31
umreti,izumreti,iz,2737,31
javiti,dojaviti,do,1382,31
maziti,razmaziti,raz,94,31
kvasiti,nakvasiti,na,62,31
plivati,preplivati,pre,393,31
hvatati,nahvatati,na,984,31
bečiti,izbečiti,iz,20,31
strašiti,ustrašiti,u,48,31
moriti,izmoriti,iz,149,31
videti,izvideti,iz,10954,31
stizati,dostizati,do,791,31
goditi,odgoditi,od,115,31
stupati,pristupati,pri,213,31
leteti,zaleteti,za,242,30
gnezditi,ugnezditi,u,26,30
služiti,uslužiti,u,1740,30
skakati,uskakati,u,509,30
točiti,natočiti,na,52,30
nuditi,iznuditi,iz,712,30
sretati,presretati,pre,362,30
suditi,prosuditi,pro,750,30
sjetiti,podsjetiti,pod,26,30
suziti,zasuziti,za,67,30
sloviti,nasloviti,na,15,30
roditi,naroditi,na,1917,30
kipiti,ukipiti,u,10,29
zbijati,suzbijati,su,89,29
pljeskati,zapljeskati,za,106,29
goditi,nagoditi,na,115,29
pakostiti,napakostiti,na,28,29
terati,uterati,u,632,29
bušiti,izbušiti,iz,31,29
nišaniti,nanišaniti,na,52,29
stenjati,zastenjati,za,111,29
šiti,prišiti,pri,120,29
lupati,zalupati,za,397,29
sukati,usukati,u,57,29
računati,obračunati,ob,456,29
kupiti,zakupiti,za,1575,29
krvaviti,zakrvaviti,za,80,29
hrupiti,nahrupiti,na,11,29
otkrivati,razotkrivati,raz,824,29
dizati,pridizati,pri,958,29
letati,uzletati,uz,5,28
obraćati,preobraćati,pre,1173,28
puniti,prepuniti,pre,347,28
klanjati,priklanjati,pri,215,28
besniti,razbesniti,raz,114,28
seći,zaseći,za,246,28
viriti,naviriti,na,362,28
mazati,umazati,u,66,28
gospodariti,zagospodariti,za,78,28
sedati,odsedati,od,224,28
razložiti,obrazložiti,ob,8,28
zviždati,zazviždati,za,120,28
trubiti,zatrubiti,za,56,28
viti,podviti,pod,221,28
motati,razmotati,raz,185,28
skočiti,zaskočiti,za,982,28
rezati,izrezati,iz,79,27
tvor,pritvor,pri,25,27
beležiti,pribeležiti,pri,288,27
žaliti,prežaliti,pre,956,27
poroditi,preporoditi,pre,55,27
kidati,ukidati,u,250,27
nizati,nanizati,na,169,27
gladiti,zagladiti,za,112,27
gaziti,ugaziti,u,358,27
glasiti,razglasiti,raz,290,27
ćelav,proćelav,pro,131,27
motriti,promotriti,pro,169,27
krčiti,prokrčiti,pro,63,27
gaditi,zagaditi,za,158,27
jahati,izjahati,iz,568,27
vojevati,izvojevati,iz,11,27
stajati,odstajati,od,6069,27
jadati,izjadati,iz,82,27
gladneti,izgladneti,iz,76,27
kazivati,zakazivati,za,567,27
titrati,zatitrati,za,66,27
mesiti,zamesiti,za,73,27
gurati,dogurati,do,620,27
venuti,uvenuti,u,38,27
lepiti,ulepiti,u,125,27
valiti,podvaliti,pod,29,26
gibati,sagibati,sa,20,26
rastati,prerastati,pre,373,26
gladiti,izgladiti,iz,112,26
rastati,odrastati,od,373,26
reći,proreći,pro,32340,26
deklamovati,izdeklamovati,iz,54,26
dubiti,izdubiti,iz,31,26
talasati,zatalasati,za,45,26
ploviti,zaploviti,za,308,26
kititi,zakititi,za,69,26
priličiti,upriličiti,u,126,26
davati,uzdavati,uz,2395,26
grajati,zagrajati,za,57,26
ujedati,izujedati,iz,118,25
bdeti,probdeti,pro,199,25
seći,saseći,sa,246,25
goniti,razgoniti,raz,484,25
ticati,preticati,pre,1501,25
šišati,podšišati,pod,39,25
razlagati,obrazlagati,ob,14,25
raditi,odraditi,od,7532,25
turiti,doturiti,do,62,25
lanuti,izlanuti,iz,16,25
leteti,doleteti,do,242,25
dizati,zadizati,za,958,25
beležiti,ubeležiti,u,288,25
nositi,uznositi,uz,4409,25
ječati,zaječati,za,111,25
strčati,ustrčati,u,74,25
vjeriti,uvjeriti,u,30,25
bludeti,zabludeti,za,23,25
tući,pretući,pre,538,25
crtati,precrtati,pre,103,25
viriti,priviriti,pri,362,25
mlatiti,premlatiti,pre,60,25
staviti,pristaviti,pri,2536,25
grditi,nagrditi,na,204,24
spaliti,uspaliti,u,192,24
kikotati,zakikotati,za,80,24
tuliti,utuliti,u,17,24
trajati,dotrajati,do,1257,24
rezati,obrezati,ob,79,24
brojiti,nabrojiti,na,230,24
čkiljiti,začkiljiti,za,24,24
buktati,razbuktati,raz,13,24
vetriti,provetriti,pro,26,24
goreti,razgoreti,raz,551,24
jahati,zajahati,za,568,24
vezati,uvezati,u,1111,24
pucati,upucati,u,884,24
ticati,priticati,pri,1501,24
dati,pridati,pri,5896,24
topiti,pretopiti,pre,216,24
uzeti,poduzeti,pod,4077,24
slediti,proslediti,pro,771,24
krenuti,zakrenuti,za,3412,24
gađati,odgađati,od,236,24
ostajati,izostajati,iz,1983,24
gledati,odgledati,od,11256,23
miriti,podmiriti,pod,265,23
skočiti,doskočiti,do,982,23
joguniti,uzjoguniti,uz,14,23
pisati,dopisati,do,3704,23
spavati,naspavati,na,3002,23
mesiti,umesiti,u,73,23
krštavati,ukrštavati,u,5,23
rumeniti,zarumeniti,za,99,23
gibati,ugibati,u,20,23
pucati,pripucati,pri,884,23
videti,prevideti,pre,10954,23
prodavati,preprodavati,pre,557,23
nalaziti,iznalaziti,iz,4753,23
gluv,nagluv,na,205,23
sukati,zasukati,za,57,23
denuti,udenuti,u,24,23
rediti,nadrediti,nad,20,23
letati,nadletati,nad,5,23
kukati,zakukati,za,73,23
kovati,zakovati,za,114,23
vijati,dovijati,do,60,22
žeći,užeći,u,36,22
rediti,obrediti,ob,20,22
grebati,zagrebati,za,113,22
sedati,zasedati,za,224,22
izići,proizići,pro,1736,22
recitovati,izrecitovati,iz,87,22
uzdati,razuzdati,raz,142,22
čuvati,pričuvati,pri,1335,22
vezivati,odvezivati,od,423,22
naduti,podnaduti,pod,143,22
saditi,nasaditi,na,41,22
vikati,zavikati,za,2049,22
voditi,razvoditi,raz,5046,22
misliti,namisliti,na,11168,22
vezivati,razvezivati,raz,423,22
pričati,napričati,na,5314,22
inatiti,zainatiti,za,21,22
sisati,usisati,u,126,22
pucati,zapucati,za,884,21
stupiti,zastupiti,za,452,21
brbljati,izbrbljati,iz,193,21
šiljiti,zašiljiti,za,9,21
služiti,odslužiti,od,1740,21
ispitati,preispitati,pre,227,21
ubijati,izubijati,iz,501,21
čistiti,prečistiti,pre,284,21
izaći,proizaći,pro,3254,21
svetliti,prosvetliti,pro,160,21
grabiti,zagrabiti,za,199,21
celiti,zaceliti,za,40,21
zvati,zazvati,za,3963,21
hladneti,zahladneti,za,55,21
ceniti,zaceniti,za,235,21
slušati,naslušati,na,4092,21
plesati,zaplesati,za,222,21
pakovati,upakovati,u,56,21
zidati,sazidati,sa,305,21
roniti,odroniti,od,41,21
rušiti,razrušiti,raz,322,21
obraćati,saobraćati,sa,1173,21
lepršati,zalepršati,za,121,21
motati,odmotati,od,185,21
imenovati,naimenovati,na,116,20
rogušiti,narogušiti,na,5,20
bivati,izbivati,iz,1203,20
bljuvati,izbljuvati,iz,34,20
vejati,zavejati,za,46,20
pojiti,pripojiti,pri,48,20
bledeti,ubledeti,u,153,20
ređati,naređati,na,155,20
secati,odsecati,od,6,20
zvoniti,odzvoniti,od,370,20
mazati,razmazati,raz,66,20
letati,zaletati,za,5,20
mazati,zamazati,za,66,20
treptati,zatreptati,za,188,20
kuvati,zakuvati,za,221,20
sedati,nasedati,na,224,20
mešati,promešati,pro,717,20
gurati,progurati,pro,620,20
viditi,providiti,pro,12663,20
piti,propiti,pro,1844,20
vrpoljiti,uzvrpoljiti,uz,60,20
naći,iznaći,iz,6553,20
voziti,dovoziti,do,857,20
saditi,presaditi,pre,41,20
hraniti,prehraniti,pre,406,20
ispitivati,preispitivati,pre,507,20
videti,privideti,pri,10954,20
šuštati,zašuštati,za,86,19
postaviti,zapostaviti,za,1375,19
oštriti,naoštriti,na,28,19
klesati,uklesati,u,11,19
lepršati,odlepršati,od,121,19
graditi,pregraditi,pre,543,19
mileti,izmileti,iz,13,19
umirati,izumirati,iz,510,19
sloviti,prosloviti,pro,15,19
tanjiti,utanjiti,u,70,19
metati,zametati,za,125,19
pucketati,zapucketati,za,102,19
prljati,zaprljati,za,60,19
mreškati,namreškati,na,17,19
krkljati,zakrkljati,za,59,19
klimati,zaklimati,za,227,19
ostavljati,izostavljati,iz,1609,19
čuti,pričuti,pri,10341,19
stizati,prestizati,pre,791,19
ležati,preležati,pre,2671,19
veličati,uveličati,u,63,19
dirati,izdirati,iz,285,19
tovariti,utovariti,u,79,19
gnječiti,prignječiti,pri,81,18
usmeriti,preusmeriti,pre,177,18
okretati,zaokretati,za,1538,18
plivati,doplivati,do,393,18
temeljiti,utemeljiti,u,27,18
leteti,saleteti,sa,242,18
tutnjati,protutnjati,pro,34,18
tkati,utkati,u,47,18
liti,doliti,do,96,18
dirati,zadirati,za,285,18
tucati,natucati,na,48,18
nuti,sunuti,su,7,18
kupovati,nakupovati,na,470,18
trčati,zatrčati,za,1327,18
mahnuti,izmahnuti,iz,289,18
svetiti,prosvetiti,pro,218,18
sećati,dosećati,do,2475,18
testirati,protestirati,pro,5,18
ovladavati,preovladavati,pre,6,18
visiti,nadvisiti,nad,1019,18
mrsiti,promrsiti,pro,65,18
šetati,ušetati,u,805,17
uživati,nauživati,na,1503,17
taložiti,nataložiti,na,51,17
kazati,prokazati,pro,16617,17
svirati,prosvirati,pro,863,17
turati,proturati,pro,26,17
uzimati,izuzimati,iz,1280,17
jebati,zajebati,za,131,17
lečiti,zalečiti,za,278,17
mucati,zamucati,za,188,17
buniti,zabuniti,za,302,17
patiti,zapatiti,za,692,17
upitati,priupitati,pri,5950,17
peniti,zapeniti,za,23,17
taknuti,utaknuti,u,65,17
tabati,utabati,u,24,17
blagodariti,zablagodariti,za,67,17
postavljati,zapostavljati,za,577,17
peći,upeći,u,313,17
ploviti,doploviti,do,308,17
gledati,dogledati,do,11256,17
secati,zasecati,za,6,17
stideti,zastideti,za,155,17
suditi,dosuditi,do,750,17
jesti,izjesti,iz,2096,17
ustavljati,obustavljati,ob,10,17
brojati,odbrojati,od,302,17
živiti,uživiti,u,2749,17
želeti,uželeti,u,3165,17
uzimati,poduzimati,pod,1280,17
luditi,izluditi,iz,246,17
goreti,pregoreti,pre,551,17
blenuti,zablenuti,za,36,17
gasnuti,ugasnuti,u,23,17
skočiti,naskočiti,na,982,17
šunjati,prišunjati,pri,50,17
patiti,prepatiti,pre,692,17
uveličati,preuveličati,pre,19,17
huškati,nahuškati,na,9,17
općiti,saopćiti,sa,6,16
magarčiti,namagarčiti,na,14,16
krstariti,prokrstariti,pro,67,16
venuti,provenuti,pro,38,16
iskriti,zaiskriti,za,23,16
mahati,zamahati,za,547,16
ćaskati,proćaskati,pro,159,16
dvoriti,dodvoriti,do,69,16
rušiti,urušiti,u,322,16
mamiti,domamiti,do,215,16
faliti,zafaliti,za,171,16
pasati,napasati,na,29,16
lučiti,ulučiti,u,38,16
gađati,ugađati,u,236,16
ići,uzići,uz,9434,16
brisati,ubrisati,u,492,16
dojiti,zadojiti,za,58,16
ridati,zaridati,za,36,16
jaloviti,izjaloviti,iz,8,16
vibrirati,zavibrirati,za,27,16
ovladati,preovladati,pre,98,16
nagliti,prenagliti,pre,6,16
mrcvariti,izmrcvariti,iz,17,16
rezati,podrezati,pod,79,16
okrenuti,izokrenuti,iz,3751,16
kockati,prokockati,pro,108,16
parirati,preparirati,pre,11,16
trpiti,pretrpiti,pre,233,16
drešiti,razdrešiti,raz,16,15
žderati,prožderati,pro,47,15
pevati,propevati,pro,1235,15
meškoljiti,promeškoljiti,pro,35,15
curiti,procuriti,pro,177,15
luditi,zaluditi,za,246,15
borati,izborati,iz,71,15
škiljiti,zaškiljiti,za,17,15
lagati,prilagati,pri,732,15
pomenuti,pripomenuti,pri,711,15
praviti,pripraviti,pri,1783,15
vezati,obvezati,ob,1111,15
bolovati,odbolovati,od,196,15
negovati,odnegovati,od,228,15
grejati,podgrejati,pod,183,15
kipeti,prekipeti,pre,8,15
množiti,namnožiti,na,59,15
patiti,napatiti,na,692,15
kapirati,ukapirati,u,17,15
ticati,naticati,na,1501,15
piškiti,upiškiti,u,48,15
gasiti,zagasiti,za,419,15
kaniti,nakaniti,na,37,15
lickati,nalickati,na,8,15
popiti,zapopiti,za,982,15
turiti,naturiti,na,62,15
svetliti,zasvetliti,za,160,15
meriti,razmeriti,raz,155,15
vikati,izvikati,iz,2049,15
lagati,razlagati,raz,732,14
strujiti,prostrujiti,pro,99,14
mekšati,umekšati,u,13,14
rastati,zarastati,za,373,14
brundati,zabrundati,za,23,14
kretati,zakretati,za,1768,14
lizati,zalizati,za,155,14
sejati,zasejati,za,89,14
laknuti,odlaknuti,od,68,14
metati,izmetati,iz,125,14
vežbati,izvežbati,iz,117,14
vesti,podvesti,pod,48,14
kopati,prekopati,pre,303,14
raditi,preraditi,pre,7532,14
računati,preračunati,pre,456,14
slikati,preslikati,pre,236,14
uveličavati,preuveličavati,pre,30,14
spavati,prospavati,pro,3002,14
stenjati,prostenjati,pro,111,14
mašiti,domašiti,do,215,14
birati,ubirati,u,474,14
mlatiti,umlatiti,u,60,14
kriviti,zakriviti,za,343,14
gruvati,ugruvati,u,12,14
hraniti,uhraniti,u,406,14
seći,naseći,na,246,14
kucati,ukucati,u,329,14
tjerati,natjerati,na,6,14
sloviti,usloviti,u,15,14
odenuti,zaodenuti,za,229,14
kloniti,sakloniti,sa,68,14
voziti,uvoziti,u,857,14
vrebati,uvrebati,u,167,14
rešavati,razrešavati,raz,227,14
laziti,uzlaziti,uz,11,13
mrskati,razmrskati,raz,19,13
mahati,razmahati,raz,547,13
levati,razlevati,raz,42,13
igrati,razigrati,raz,2814,13
davati,razdavati,raz,2395,13
ukrštati,izukrštati,iz,94,13
seći,proseći,pro,246,13
kopati,prokopati,pro,303,13
boraviti,proboraviti,pro,356,13
štedeti,prištedeti,pri,54,13
grabiti,prigrabiti,pri,199,13
živjeti,preživjeti,pre,127,13
znojiti,preznojiti,pre,254,13
staviti,prestaviti,pre,2536,13
slušati,preslušati,pre,4092,13
sipati,presipati,pre,257,13
rediti,razrediti,raz,20,13
učestvovati,saučestvovati,sa,603,13
vrstati,razvrstati,raz,8,13
udariti,podudariti,pod,1155,13
mazati,podmazati,pod,66,13
lomiti,odlomiti,od,281,13
voziti,odvoziti,od,857,13
nakaziti,iznakaziti,iz,8,13
slušati,odslušati,od,4092,13
lepiti,izlepiti,iz,125,13
tješiti,utješiti,u,6,13
treskati,zatreskati,za,23,13
huktati,zahuktati,za,45,13
letati,doletati,do,5,13
imati,doimati,do,29631,13
živeti,uživeti,u,2266,13
padati,prepadati,pre,2594,13
meriti,premeriti,pre,155,13
vikati,nadvikati,nad,2049,13
sladiti,nasladiti,na,32,13
cakliti,zacakliti,za,48,13
valjati,uvaljati,u,1405,13
škrabati,naškrabati,na,12,13
moliti,umoliti,u,2871,13
ciljati,naciljati,na,135,13
gurati,nagurati,na,620,13
ceniti,uceniti,u,235,13
ceriti,naceriti,na,50,13
ružiti,naružiti,na,25,13
kidati,zakidati,za,250,13
pomoći,pripomoći,pri,1807,12
trnuti,protrnuti,pro,52,12
viđati,previđati,pre,680,12
računiti,proračuniti,pro,26,12
metati,prometati,pro,125,12
mrljati,zamrljati,za,16,12
žeti,užeti,u,1995,12
grnuti,zagrnuti,za,8,12
crniti,zacrniti,za,34,12
sedati,usedati,u,224,12
teći,nateći,na,826,12
platiti,uplatiti,u,1147,12
sesti,usesti,u,2497,12
puderisati,napuderisati,na,8,12
delovati,sudelovati,su,1537,12
motati,namotati,na,185,12
prsnuti,naprsnuti,na,283,12
cvrkutati,zacvrkutati,za,40,12
pešačiti,prepešačiti,pre,54,12
naglasiti,prenaglasiti,pre,192,12
maštati,izmaštati,iz,281,12
gurati,odgurati,od,620,12
vetriti,izvetriti,iz,26,12
rastati,izrastati,iz,373,12
ranjaviti,izranjaviti,iz,5,12
čuti,dočuti,do,10341,12
derati,izderati,iz,245,12
zvečati,zazvečati,za,26,12
vrištati,zavrištati,za,197,12
svetlucati,zasvetlucati,za,146,12
stiditi,zastiditi,za,259,12
rezati,zarezati,za,79,12
oštriti,zaoštriti,za,28,12
mrziti,zamrziti,za,21,12
liti,podliti,pod,96,11
ceniti,preceniti,pre,235,11
tkati,pretkati,pre,47,11
zdraviti,prezdraviti,pre,136,11
kratiti,prikratiti,pri,23,11
gegati,odgegati,od,42,11
lizati,oblizati,ob,155,11
glačati,izglačati,iz,17,11
oružati,oboružati,ob,11,11
škripiti,zaškripiti,za,102,11
ljubiti,obljubiti,ob,1005,11
lepiti,oblepiti,ob,125,11
pržiti,zapržiti,za,80,11
prečiti,zaprečiti,za,22,11
močiti,zamočiti,za,20,11
komplikovati,zakomplikovati,za,39,11
ribati,izribati,iz,40,11
šetati,odšetati,od,805,11
lokati,izlokati,iz,40,11
recitovati,odrecitovati,od,87,11
goniti,odgoniti,od,484,11
osećati,saosećati,sa,6516,11
odenuti,razodenuti,raz,229,11
hvatati,dohvatati,do,984,11
krijumčariti,prokrijumčariti,pro,13,11
ključati,proključati,pro,93,11
stojati,pristojati,pri,36,11
mahnuti,razmahnuti,raz,289,11
dati,razdati,raz,5896,11
vjeriti,provjeriti,pro,30,11
tkati,protkati,pro,47,11
sediti,prosediti,pro,1849,11
rotiti,urotiti,u,26,11
turati,naturati,na,26,11
kvasiti,ukvasiti,u,62,11
glancati,uglancati,u,14,11
mračiti,namračiti,na,29,11
legati,nalegati,na,26,11
kazati,nakazati,na,16617,11
kalemiti,nakalemiti,na,13,11
hvaliti,nahvaliti,na,365,11
goreti,zagoreti,za,551,11
brojiti,ubrojiti,u,230,11
imati,zaimati,za,29631,11
hrkati,zahrkati,za,74,11
hladiti,zahladiti,za,110,11
prostiti,uprostiti,u,149,11
tiskati,utiskati,u,115,11
vrdati,izvrdati,iz,14,10
rešetati,izrešetati,iz,9,10
tužiti,dotužiti,do,167,10
stajati,dostajati,do,6069,10
brusiti,izbrusiti,iz,19,10
batinati,izbatinati,iz,54,10
tamniti,zatamniti,za,219,10
skičati,zaskičati,za,13,10
rediti,zarediti,za,20,10
peći,zapeći,za,313,10
ogrtati,zaogrtati,za,11,10
odevati,zaodevati,za,59,10
žeći,sažeći,sa,36,10
strugati,sastrugati,sa,61,10
uveravati,razuveravati,raz,389,10
očaravati,razočaravati,raz,43,10
sedati,prosedati,pro,224,10
plakati,proplakati,pro,1782,10
birati,probirati,pro,474,10
tkati,pritkati,pri,47,10
stavljati,ustavljati,u,934,10
veriti,uzveriti,uz,100,10
beleti,zabeleti,za,57,10
duvati,zaduvati,za,387,10
seći,podseći,pod,246,10
domišljati,predomišljati,pre,16,10
čuti,prečuti,pre,10341,10
meriti,primeriti,pri,155,10
cvokotati,zacvokotati,za,91,10
glasati,nadglasati,nad,228,10
vrbovati,zavrbovati,za,18,10
močiti,namočiti,na,20,10
ganuti,uganuti,u,148,10
sititi,nasititi,na,18,10
mastiti,umastiti,u,67,10
prazniti,uprazniti,u,241,10
kolutati,zakolutati,za,62,10
kotrljati,zakotrljati,za,161,10
kreštati,zakreštati,za,47,10
mjeriti,zamjeriti,za,36,10
tovariti,pretovariti,pre,79,9
stavljati,prestavljati,pre,934,9
krojiti,prekrojiti,pre,34,9
goniti,pregoniti,pre,484,9
mekšati,razmekšati,raz,13,9
grabiti,razgrabiti,raz,199,9
krvariti,prokrvariti,pro,75,9
kisnuti,prokisnuti,pro,11,9
venčati,privenčati,pri,253,9
stavljati,pristavljati,pri,934,9
mamiti,primamiti,pri,215,9
daviti,pridaviti,pri,287,9
žvrljati,nažvrljati,na,8,9
turiti,uturiti,u,62,9
napredovati,uznapredovati,uz,313,9
vitlati,uzvitlati,uz,121,9
dimiti,zadimiti,za,88,9
sladiti,zasladiti,za,32,9
lagati,oblagati,ob,732,9
škrgutati,zaškrgutati,za,30,9
reći,ureći,u,32340,9
resiti,uresiti,u,25,9
okruživati,zaokruživati,za,307,9
koričiti,ukoričiti,u,8,9
oblačiti,naoblačiti,na,347,9
moliti,namoliti,na,2871,9
micati,namicati,na,387,9
beliti,nabeliti,na,28,9
deliti,izdeliti,iz,844,9
vijati,obvijati,ob,60,9
skakutati,doskakutati,do,166,9
letati,odletati,od,5,9
sanjati,odsanjati,od,1217,9
mlatiti,izmlatiti,iz,60,9
voziti,izvoziti,iz,857,9
govoriti,podgovoriti,pod,13834,9
mrdati,razmrdati,raz,101,9
žvakati,sažvakati,sa,251,9
vređati,izvređati,iz,286,9
napiti,podnapiti,pod,182,9
gutati,nagutati,na,368,9
mrviti,izmrviti,iz,72,9
uhvatiti,poduhvatiti,pod,2470,9
pustiti,pripustiti,pri,2341,8
čeprkati,pročeprkati,pro,63,8
graditi,razgraditi,raz,543,8
lupati,razlupati,raz,397,8
ložiti,razložiti,raz,97,8
baviti,probaviti,pro,1006,8
cijeniti,procijeniti,pro,33,8
goreti,progoreti,pro,551,8
studirati,prostudirati,pro,219,8
prodati,preprodati,pre,602,8
grnuti,prigrnuti,pri,8,8
pitati,pripitati,pri,6008,8
vidati,zavidati,za,60,8
svetleti,zasvetleti,za,56,8
pištati,zapištati,za,53,8
piljiti,zapiljiti,za,205,8
pakovati,zapakovati,za,56,8
njištati,zanjištati,za,19,8
kovitlati,zakovitlati,za,51,8
jaukati,zajaukati,za,82,8
crtati,zacrtati,za,103,8
bleštiti,zableštiti,za,43,8
letiti,doletiti,do,598,8
goniti,dogoniti,do,484,8
šivati,ušivati,u,10,8
peći,prepeći,pre,313,8
mašiti,premašiti,pre,215,8
kucati,prekucati,pre,329,8
komandovati,prekomandovati,pre,98,8
secati,podsecati,pod,6,8
šmrknuti,ušmrknuti,u,15,8
vidati,izvidati,iz,60,8
rovati,izrovati,iz,16,8
opštiti,izopštiti,iz,30,8
učiti,odučiti,od,1173,8
umirati,odumirati,od,510,8
masirati,izmasirati,iz,50,8
turati,doturati,do,26,8
glancati,izglancati,iz,14,8
rubiti,obrubiti,ob,5,8
živeti,zaživeti,za,2266,8
žmirkati,zažmirkati,za,149,8
rastati,dorastati,do,373,8
vredeti,zavredeti,za,246,8
šeprtljati,ušeprtljati,u,12,8
vlažiti,navlažiti,na,29,8
vrteti,uzvrteti,uz,334,8
đubriti,nađubriti,na,12,8
siriti,usiriti,u,150,8
trljati,natrljati,na,237,8
raniti,uraniti,u,285,8
vikati,navikati,na,2049,8
militi,umiliti,u,41,8
krcati,nakrcati,na,8,8
kreveljiti,nakreveljiti,na,39,8
marširati,umarširati,u,56,8
igrati,nadigrati,nad,2814,8
buljiti,izbuljiti,iz,83,7
žeći,zažeći,za,36,7
beliti,izbeliti,iz,28,7
prijeti,doprijeti,do,29,7
kvariti,ukvariti,u,183,7
sapunjati,nasapunjati,na,9,7
prskati,uprskati,u,60,7
računati,uračunati,u,456,7
secati,usecati,u,6,7
zidati,nazidati,na,305,7
sitniti,usitniti,u,20,7
smrdeti,usmrdeti,u,147,7
čitati,načitati,na,2974,7
žuljati,nažuljati,na,20,7
trpati,utrpati,u,76,7
veseliti,uveseliti,u,254,7
mutiti,uzmutiti,uz,115,7
vinuti,uzvinuti,uz,83,7
cvrčati,zacvrčati,za,37,7
drmati,zadrmati,za,45,7
govoriti,zagovoriti,za,13834,7
graditi,zagraditi,za,543,7
metati,dometati,do,125,7
jemčiti,zajemčiti,za,33,7
misliti,domisliti,do,11168,7
kukurikati,zakukurikati,za,29,7
lelujati,zalelujati,za,79,7
penušati,zapenušati,za,8,7
pevušiti,zapevušiti,za,155,7
ređati,zaređati,za,155,7
senčiti,zasenčiti,za,13,7
igrati,obigrati,ob,2814,7
kljukati,nakljukati,na,27,7
debljati,udebljati,u,10,7
jahati,ujahati,u,568,7
rumeniti,narumeniti,na,99,7
birati,razbirati,raz,474,7
šištati,prošištati,pro,33,7
češljati,pročešljati,pro,133,7
tutnjiti,protutnjiti,pro,55,7
secati,prosecati,pro,6,7
njuškati,pronjuškati,pro,60,7
nicati,pronicati,pro,178,7
mašati,promašati,pro,10,7
disati,prodisati,pro,784,7
diskutovati,prodiskutovati,pro,35,7
cvrkutati,procvrkutati,pro,40,7
šivati,prišivati,pri,10,7
peći,pripeći,pri,313,7
gledati,prigledati,pri,11256,7
doći,pridoći,pri,11147,7
dodavati,pridodavati,pri,604,7
stupiti,prestupiti,pre,452,7
sedati,presedati,pre,224,7
platiti,preplatiti,pre,1147,7
otimati,preotimati,pre,372,7
čitati,dočitati,do,2974,7
riti,podriti,pod,75,7
buniti,podbuniti,pod,302,7
javiti,odjaviti,od,1382,7
viđati,izviđati,iz,680,7
uvijati,izuvijati,iz,157,7
riti,izriti,iz,75,7
puniti,sapuniti,sa,347,7
gnjiti,sagnjiti,sa,16,7
videti,razvideti,raz,10954,7
rovati,razrovati,raz,16,7
graničiti,razgraničiti,raz,49,7
uživati,oduživati,od,1503,7
slikati,odslikati,od,236,7
skakutati,odskakutati,od,166,7
šunjati,došunjati,do,50,7
masakrirati,izmasakrirati,iz,8,7
momčiti,zamomčiti,za,78,6
lomiti,zalomiti,za,281,6
maskirati,zamaskirati,za,29,6
brujati,zabrujati,za,39,6
brazditi,zabrazditi,za,19,6
kotrljati,dokotrljati,do,161,6
ličiti,zaličiti,za,2067,6
kričati,zakričati,za,32,6
jamčiti,zajamčiti,za,39,6
groktati,zagroktati,za,8,6
graktati,zagraktati,za,26,6
opštiti,uopštiti,u,30,6
slijediti,naslijediti,na,23,6
kovrdžati,ukovrdžati,u,13,6
rezati,narezati,na,79,6
kiseliti,ukiseliti,u,19,6
razgovarati,narazgovarati,na,2930,6
pjev,napjev,na,12,6
buđati,ubuđati,u,6,6
kačiti,nakačiti,na,46,6
goreti,nagoreti,na,551,6
gnječiti,nagnječiti,na,81,6
štaviti,uštaviti,u,5,6
tovar,utovar,u,129,6
tapkati,utapkati,u,50,6
saglasiti,usaglasiti,u,49,6
predati,upredati,u,1154,6
pajati,zapajati,za,7,6
posedati,zaposedati,za,64,6
prašiti,zaprašiti,za,7,6
redati,zaredati,za,412,6
svrbeti,zasvrbeti,za,30,6
uzdavati,zauzdavati,za,26,6
veslati,zaveslati,za,74,6
puzati,dopuzati,do,57,6
vijoriti,zavijoriti,za,74,6
zveckati,zazveckati,za,51,6
bičevati,izbičevati,iz,38,6
reći,doreći,do,32340,6
raniti,obraniti,ob,285,6
drkati,izdrkati,iz,8,6
glasati,izglasati,iz,228,6
gnjaviti,izgnjaviti,iz,85,6
goniti,izgoniti,iz,484,6
grnuti,odgrnuti,od,8,6
teći,doteći,do,826,6
reagovati,odreagovati,od,232,6
živjeti,doživjeti,do,127,6
opijati,izopijati,iz,131,6
redati,izredati,iz,412,6
vedriti,izvedriti,iz,44,6
baciti,podbaciti,pod,2546,6
jariti,podjariti,pod,16,6
gurati,pregurati,pre,620,6
kaliti,prekaliti,pre,16,6
oblikovati,preoblikovati,pre,110,6
okretati,preokretati,pre,1538,6
savijati,presavijati,pre,225,6
testerisati,pretesterisati,pre,7,6
uraniti,preuraniti,pre,8,6
uređivati,preuređivati,pre,98,6
dobijati,pridobijati,pri,755,6
dolaziti,pridolaziti,pri,4696,6
igrati,proigrati,pro,2814,6
kazivati,prokazivati,pro,567,6
pištati,propištati,pro,53,6
rešetati,prorešetati,pro,9,6
vodati,provodati,pro,19,6
šišati,prošišati,pro,39,6
živjeti,proživjeti,pro,127,6
juriti,razjuriti,raz,730,6
listati,razlistati,raz,100,6
odevati,razodevati,raz,59,6
umiti,razumiti,raz,186,6
lomiti,salomiti,sa,281,6
prezati,uprezati,u,48,5
skladištiti,uskladištiti,u,19,5
soliti,usoliti,u,41,5
tucati,utucati,u,48,5
gegati,dogegati,do,42,5
batrgati,zabatrgati,za,57,5
belasati,zabelasati,za,51,5
videti,provideti,pro,10954,5
dužiti,razdužiti,raz,41,5
duvati,razduvati,raz,387,5
rezati,razrezati,raz,79,5
mariti,samariti,sa,420,5
vonjati,zavonjati,za,55,5
zvrjati,zazvrjati,za,16,5
zoriti,zazoriti,za,71,5
šivati,zašivati,za,10,5
krpati,zakrpati,za,97,5
krvariti,zakrvariti,za,75,5
klatiti,zaklatiti,za,137,5
beliti,zabeliti,za,28,5
šuškati,zašuškati,za,68,5
drobiti,izdrobiti,iz,24,5
mamiti,odmamiti,od,215,5
miti,izmiti,iz,346,5
ložiti,podložiti,pod,97,5
rovati,podrovati,pod,16,5
defilovati,prodefilovati,pro,16,5
drmusati,prodrmusati,pro,51,5
zidati,dozidati,do,305,5
nicati,iznicati,iz,178,5
varati,izvarati,iz,506,5
lokati,podlokati,pod,40,5
fućkati,profućkati,pro,26,5
tutnjiti,zatutnjiti,za,55,5
toptati,zatoptati,za,7,5
svoditi,zasvoditi,za,169,5
mastiti,zamastiti,za,67,5
mrzeti,zamrzeti,za,850,5
pljuštati,zapljuštati,za,53,5
puštati,zapuštati,za,786,5
tegliti,protegliti,pro,61,5
rezati,prorezati,pro,79,5
listati,prolistati,pro,100,5
knjižiti,proknjižiti,pro,24,5
vajati,podvajati,pod,15,5
vezati,podvezati,pod,1111,5
voditi,podvoditi,pod,5046,5
brisati,prebrisati,pre,492,5
farbati,prefarbati,pre,18,5
grejati,pregrejati,pre,183,5
imenovati,preimenovati,pre,116,5
kapati,prekapati,pre,197,5
oblačiti,preoblačiti,pre,347,5
riti,preriti,pre,75,5
spojiti,prespojiti,pre,239,5
udesiti,preudesiti,pre,216,5
učiti,preučiti,pre,1173,5
vaspitati,prevaspitati,pre,94,5
kucati,prikucati,pri,329,5
skakati,priskakati,pri,509,5
običavati,uobičavati,u,85,5
obručiti,uobručiti,u,6,5
pišati,upišati,u,75,5
pljuvati,upljuvati,u,131,5
bediti,nabediti,na,12,5
bubriti,nabubriti,na,24,5
lepiti,nalepiti,na,125,5
ljubiti,naljubiti,na,1005,5
mlatiti,namlatiti,na,60,5
plaviti,naplaviti,na,101,5
fitiljiti,ufitiljiti,u,11,5
gnjaviti,ugnjaviti,u,85,5
putovati,naputovati,na,1115,5
kalupiti,ukalupiti,u,10,5
kovati,ukovati,u,114,5
kresati,ukresati,u,29,5
ljuljati,uljuljati,u,257,5
metati,umetati,u,125,5
miješati,umiješati,u,7,5
smijati,nasmijati,na,63,5
